ID,AllowableRace,Description_lang,Display3_lang,Display2_lang,Display1_lang,Display_lang,DmgVariance,DurationInInventory,QualityModifier,BagFamily,StartQuestID,ItemRange,StatPercentageOfSocket_0,StatPercentageOfSocket_1,StatPercentageOfSocket_2,StatPercentageOfSocket_3,StatPercentageOfSocket_4,StatPercentageOfSocket_5,StatPercentageOfSocket_6,StatPercentageOfSocket_7,StatPercentageOfSocket_8,StatPercentageOfSocket_9,StatPercentEditor_0,StatPercentEditor_1,StatPercentEditor_2,StatPercentEditor_3,StatPercentEditor_4,StatPercentEditor_5,StatPercentEditor_6,StatPercentEditor_7,StatPercentEditor_8,StatPercentEditor_9,Stackable,MaxCount,MinReputation,RequiredAbility,SellPrice,BuyPrice,VendorStackCount,PriceVariance,PriceRandomValue,Flags_0,Flags_1,Flags_2,Flags_3,OppositeFactionItemID,ModifiedCraftingReagentItemID,ContentTuningID,PlayerLevelToItemLevelCurveID,MaxDurability,ItemNameDescriptionID,RequiredTransmogHoliday,RequiredHoliday,LimitCategory,Gem_properties,Socket_match_enchantment_ID,TotemCategoryID,InstanceBound,ZoneBound_0,ZoneBound_1,ItemSet,LockID,PageID,ItemDelay,MinFactionID,RequiredSkillRank,RequiredSkill,ItemLevel,AllowableClass,ItemRandomSuffixGroupID,RandomSelect,MinDamage_0,MinDamage_1,MinDamage_2,MinDamage_3,MinDamage_4,MaxDamage_0,MaxDamage_1,MaxDamage_2,MaxDamage_3,MaxDamage_4,Resistances_0,Resistances_1,Resistances_2,Resistances_3,Resistances_4,Resistances_5,Resistances_6,ScalingStatDistributionID,StatModifier_bonusAmount_0,StatModifier_bonusAmount_1,StatModifier_bonusAmount_2,StatModifier_bonusAmount_3,StatModifier_bonusAmount_4,StatModifier_bonusAmount_5,StatModifier_bonusAmount_6,StatModifier_bonusAmount_7,StatModifier_bonusAmount_8,StatModifier_bonusAmount_9,ExpansionID,ArtifactID,SpellWeight,SpellWeightCategory,SocketType_0,SocketType_1,SocketType_2,SheatheType,Material,PageMaterialID,LanguageID,Bonding,DamageType,StatModifier_bonusStat_0,StatModifier_bonusStat_1,StatModifier_bonusStat_2,StatModifier_bonusStat_3,StatModifier_bonusStat_4,StatModifier_bonusStat_5,StatModifier_bonusStat_6,StatModifier_bonusStat_7,StatModifier_bonusStat_8,StatModifier_bonusStat_9,ContainerSlots,RequiredPVPMedal,RequiredPVPRank,InventoryType,OverallQualityID,AmmunitionType,RequiredLevel
720,-1,,,,,Brawler Gloves,1,0,0,0,0,0,0,0,0,0,0,0,0,0,0,0,0,0,0,0,0,0,0,0,0,0,1,0,0,0,1070,5350,1,1,1,0,24580,0,0,0,0,0,0,35,0,0,0,0,0,0,0,0,0,0,0,0,0,0,0,0,0,28,-1,0,0,0,0,0,0,0,0,0,0,0,0,62,0,0,0,0,0,0,0,8,7,0,0,0,0,0,0,0,0,254,0,0,0,0,0,0,0,8,0,0,2,0,4,7,-1,-1,-1,-1,-1,-1,-1,-1,0,0,0,10,3,0,23
897,-1,,,,,Madwolf Bracers,1,0,0,0,0,0,0,0,0,0,0,0,0,0,0,0,0,0,0,0,0,0,0,0,0,0,1,0,0,0,1022,5112,1,1,1,0,24580,0,0,0,0,0,0,30,0,0,0,0,0,0,0,0,0,0,0,0,0,0,0,0,0,29,-1,0,0,0,0,0,0,0,0,0,0,0,0,40,0,0,0,0,0,0,0,2,5,0,0,0,0,0,0,0,0,254,0,0,0,0,0,0,0,8,0,0,2,0,7,3,-1,-1,-1,-1,-1,-1,-1,-1,0,0,0,9,2,0,24
935,-1,,,,,Night Watch Shortsword,1,0,0,0,0,0,0,0,0,0,0,0,0,0,0,0,0,0,0,0,0,0,0,0,0,0,1,0,0,0,1742,8712,1,1,1,0,24580,0,0,0,0,0,0,65,0,0,0,0,0,0,0,0,0,0,0,0,0,2600,0,0,0,20,-1,0,0,24,0,0,0,0,46,0,0,0,0,0,0,0,0,0,0,0,0,4,0,0,0,0,0,0,0,0,0,254,0,0,0,0,0,0,3,1,0,0,2,0,7,-1,-1,-1,-1,-1,-1,-1,-1,-1,0,0,0,13,3,0,15
1076,-1,,,,,Defias Renegade Ring,1,0,0,0,0,0,0,0,0,0,0,0,0,0,0,0,0,0,0,0,0,0,0,0,0,0,1,0,0,0,650,2600,1,1,1,0,24580,0,0,0,0,0,0,0,0,0,0,0,0,0,0,0,0,0,0,0,0,0,0,0,0,25,-1,0,0,0,0,0,0,0,0,0,0,0,0,0,0,0,0,0,0,0,0,3,3,0,0,0,0,0,0,0,0,254,0,0,0,0,0,0,0,5,0,0,2,0,7,3,-1,-1,-1,-1,-1,-1,-1,-1,0,0,0,11,2,0,20
1292,-1,,,,,Butcher's Cleaver,1,0,0,0,0,0,0,0,0,0,0,0,0,0,0,0,0,0,0,0,0,0,0,0,0,0,1,0,0,0,3300,16504,1,1,1,0,24580,0,0,0,0,0,0,75,0,0,0,0,0,0,0,0,0,0,0,0,0,1700,0,0,0,25,-1,0,0,23,0,0,0,0,32,0,0,0,0,0,0,0,0,0,0,0,0,5,2,0,0,0,0,0,0,0,0,254,0,0,0,0,0,0,3,1,0,0,1,0,4,3,-1,-1,-1,-1,-1,-1,-1,-1,0,0,0,13,3,0,20
1454,-1,,,,,Axe of the Enforcer,1,0,0,0,0,0,0,0,0,0,0,0,0,0,0,0,0,0,0,0,0,0,0,0,0,0,1,0,0,0,3937,19689,1,1,1,0,24580,0,0,0,0,0,0,80,0,0,0,0,0,0,0,0,0,0,0,0,0,2600,0,0,0,27,-1,0,0,31,0,0,0,0,58,0,0,0,0,0,0,0,0,0,0,0,0,4,3,0,0,0,0,0,0,0,0,254,0,0,0,0,0,0,3,1,0,0,2,0,4,7,-1,-1,-1,-1,-1,-1,-1,-1,0,0,0,13,3,0,22
1482,-1,,,,,Shadowfang,1,0,0,0,0,0,0,0,0,0,0,0,0,0,0,0,0,0,0,0,0,0,0,0,0,0,1,0,0,0,2964,14822,1,1,1,0,24580,0,0,0,0,0,0,75,0,0,0,0,0,0,0,0,0,0,0,0,0,2700,0,0,0,24,-1,0,0,29,4,0,0,0,55,8,0,0,0,0,0,0,0,0,0,0,0,0,0,0,0,0,0,0,0,0,0,254,0,0,0,0,0,0,3,1,0,0,2,0,-1,-1,-1,-1,-1,-1,-1,-1,-1,-1,0,0,0,21,3,0,19
1483,-1,,,,,Face Smasher,1,0,0,0,0,0,0,0,0,0,0,0,0,0,0,0,0,0,0,0,0,0,0,0,0,0,1,0,0,0,2025,10129,1,1,1,0,24580,0,0,0,0,0,0,70,0,0,0,0,0,0,0,0,0,0,0,0,0,2600,0,0,0,21,-1,0,0,25,0,0,0,0,48,0,0,0,0,0,0,0,0,0,0,0,0,3,3,0,0,0,0,0,0,0,0,254,0,0,0,0,0,0,3,2,0,0,2,0,4,7,-1,-1,-1,-1,-1,-1,-1,-1,0,0,0,13,3,0,16
1491,-1,,,,,Ring of Precision,1,0,0,0,0,0,0,0,0,0,0,0,0,0,0,0,0,0,0,0,0,0,0,0,0,0,1,1,0,0,2207,8830,1,1,1,0,24580,0,0,0,0,0,0,0,0,0,0,0,0,0,0,0,0,0,0,0,0,0,0,0,0,25,-1,0,0,0,0,0,0,0,0,0,0,0,0,0,0,0,0,0,0,0,0,6,3,0,0,0,0,0,0,0,0,254,0,0,0,0,0,0,1,1,0,0,2,0,3,6,-1,-1,-1,-1,-1,-1,-1,-1,0,0,0,11,3,0,20
1493,-1,,,,,Heavy Marauder Scimitar,1,0,0,0,0,0,0,0,0,0,0,0,0,0,0,0,0,0,0,0,0,0,0,0,0,0,1,0,0,0,3922,19610,1,1,1,0,24580,0,0,0,0,0,0,80,0,0,0,0,0,0,0,0,0,0,0,0,0,2400,0,0,0,27,-1,0,0,28,0,0,0,0,54,0,0,0,0,0,0,0,0,0,0,0,0,4,3,0,0,0,0,0,0,0,0,254,0,0,0,0,0,0,3,1,0,0,2,0,4,7,-1,-1,-1,-1,-1,-1,-1,-1,0,0,0,21,3,0,22
1717,-1,,,,,Double Link Tunic,1,0,60,0,0,0,0,0,0,0,0,0,0,0,0,0,0,0,0,0,0,0,0,0,0,0,1,0,0,0,3108,15540,1,1,1,0,24580,0,0,0,0,0,0,120,0,0,0,0,0,0,0,0,0,0,0,0,0,0,0,0,0,30,-1,0,0,0,0,0,0,0,0,0,0,0,0,218,0,0,0,0,0,0,0,0,0,0,0,0,0,0,0,0,0,254,0,0,0,0,0,0,0,5,0,0,2,0,-1,-1,-1,-1,-1,-1,-1,-1,-1,-1,0,0,0,5,3,0,25
1935,-1,,,,,Assassin's Blade,1,0,0,0,0,0,0,0,0,0,0,0,0,0,0,0,0,0,0,0,0,0,0,0,0,0,1,0,0,0,2974,14874,1,1,1,0,24580,0,0,0,0,0,0,50,0,0,0,0,0,0,0,0,0,0,0,0,0,1900,0,0,0,24,-1,0,0,20,0,0,0,0,39,0,0,0,0,0,0,0,0,0,0,0,0,4,3,0,0,0,0,0,0,0,0,254,0,0,0,0,0,0,3,1,0,0,2,0,3,4,-1,-1,-1,-1,-1,-1,-1,-1,0,0,0,13,3,0,19
1955,-1,,,,,Dragonmaw Chain Boots,1,0,0,0,0,0,0,0,0,0,0,0,0,0,0,0,0,0,0,0,0,0,0,0,0,0,1,0,0,0,1573,7868,1,1,1,0,24580,0,0,0,0,0,0,50,0,0,0,0,0,0,0,0,0,0,0,0,0,0,0,0,0,27,-1,0,0,0,0,0,0,0,0,0,0,0,0,130,0,0,0,0,0,0,0,6,3,0,0,0,0,0,0,0,0,254,0,0,0,0,0,0,0,5,0,0,2,0,7,3,-1,-1,-1,-1,-1,-1,-1,-1,0,0,0,8,2,0,22
1978,-1,,,,,Wolfclaw Gloves,1,0,0,0,0,0,0,0,0,0,0,0,0,0,0,0,0,0,0,0,0,0,0,0,0,0,1,0,0,0,980,4904,1,1,1,0,24580,0,0,0,0,0,0,35,0,0,0,0,0,0,0,0,0,0,0,0,0,0,0,0,0,27,-1,0,0,0,0,0,0,0,0,0,0,0,0,61,0,0,0,0,0,0,0,6,5,6,0,0,0,0,0,0,0,254,0,0,0,0,0,0,0,8,0,0,2,0,3,4,7,-1,-1,-1,-1,-1,-1,-1,0,0,0,10,3,0,22
2011,-1,,,,,Twisted Sabre,1,0,0,0,0,0,0,0,0,0,0,0,0,0,0,0,0,0,0,0,0,0,0,0,0,0,1,0,0,0,3840,19200,1,1,1,0,24580,0,0,0,0,0,0,80,0,0,0,0,0,0,0,0,0,0,0,0,0,1800,0,0,0,26,-1,0,0,21,0,0,0,0,39,0,0,0,0,0,0,0,0,0,0,0,0,5,2,0,0,0,0,0,0,0,0,254,0,0,0,0,0,0,3,1,0,0,2,0,6,7,-1,-1,-1,-1,-1,-1,-1,-1,0,0,0,21,3,0,21
2039,-1,,,,,Plains Ring,1,0,0,0,0,0,0,0,0,0,0,0,0,0,0,0,0,0,0,0,0,0,0,0,0,0,1,1,0,0,750,3000,1,1,1,0,24580,0,0,0,0,0,0,0,0,0,0,0,0,0,0,0,0,0,0,0,0,0,0,0,0,29,-1,0,0,0,0,0,0,0,0,0,0,0,0,0,0,0,0,0,0,0,0,8,3,0,0,0,0,0,0,0,0,254,0,0,0,0,0,0,0,4,0,0,2,0,7,5,-1,-1,-1,-1,-1,-1,-1,-1,0,0,0,11,3,0,24
2059,-1,,,,,Sentry Cloak,1,0,0,0,0,0,0,0,0,0,0,0,0,0,0,0,0,0,0,0,0,0,0,0,0,0,1,0,0,0,863,4318,1,1,1,0,24580,0,0,0,0,0,0,0,0,0,0,0,0,0,0,0,0,0,0,0,0,0,0,0,0,24,-1,0,0,0,0,0,0,0,0,0,0,0,0,21,0,0,0,0,0,0,0,5,4,0,0,0,0,0,0,0,0,254,0,0,0,0,0,0,0,7,0,0,2,0,7,3,-1,-1,-1,-1,-1,-1,-1,-1,0,0,0,16,3,0,19
2194,-1,,,,,Diamond Hammer,1,0,0,0,0,0,0,0,0,0,0,0,0,0,0,0,0,0,0,0,0,0,0,0,0,0,1,1,0,0,3276,16383,1,1,1,0,24580,0,0,0,0,0,0,75,0,0,0,0,0,0,0,0,0,0,0,0,0,2500,0,0,0,25,-1,0,0,28,0,0,0,0,53,0,0,0,0,0,0,0,0,0,0,0,0,3,4,0,0,0,0,0,0,0,0,254,0,0,0,0,0,0,3,2,0,0,2,0,4,7,-1,-1,-1,-1,-1,-1,-1,-1,0,0,0,13,3,0,20
2264,-1,,,,,Mantle of Thieves,1,0,0,0,0,0,0,0,0,0,0,0,0,0,0,0,0,0,0,0,0,0,0,0,0,0,1,0,0,0,1957,9788,1,1,1,0,24580,0,0,0,0,0,0,60,0,0,0,0,0,0,0,0,0,0,0,0,0,0,0,0,0,30,-1,0,0,0,0,0,0,0,0,0,0,0,0,77,0,0,0,0,0,0,0,10,3,4,0,0,0,0,0,0,0,254,0,0,0,0,0,0,0,8,0,0,2,0,3,6,7,-1,-1,-1,-1,-1,-1,-1,0,0,0,3,3,0,25
2545,-1,,,,,Malleable Chain Leggings,1,0,0,0,0,0,0,0,0,0,0,0,0,0,0,0,0,0,0,0,0,0,0,0,0,0,1,0,0,0,1796,8984,1,1,1,0,24580,0,0,0,0,0,0,70,0,0,0,0,0,0,0,0,0,0,0,0,0,0,0,0,0,26,-1,0,0,0,0,0,0,0,0,0,0,0,0,163,0,0,0,0,0,0,0,7,3,3,0,0,0,0,0,0,0,254,0,0,0,0,0,0,0,5,0,0,1,0,4,7,3,-1,-1,-1,-1,-1,-1,-1,0,0,0,7,2,0,0
2807,-1,,,,,Guillotine Axe,1,0,0,0,0,0,0,0,0,0,0,0,0,0,0,0,0,0,0,0,0,0,0,0,0,0,1,0,0,0,2452,12264,1,1,1,0,24580,0,0,0,0,0,0,75,0,0,0,0,0,0,0,0,0,0,0,0,0,2700,0,0,0,23,-1,0,0,28,0,0,0,0,53,0,0,0,0,0,0,0,0,0,0,0,0,3,3,0,0,0,0,0,0,0,0,254,0,0,0,0,0,0,3,1,0,0,2,0,3,4,-1,-1,-1,-1,-1,-1,-1,-1,0,0,0,21,3,0,18
2870,-1,,,,,Shining Silver Breastplate,1,0,0,0,0,0,0,0,0,0,0,0,0,0,0,0,0,0,0,0,0,0,0,0,0,0,1,0,0,0,2935,14677,1,1,1,0,24580,0,0,0,0,0,0,120,0,0,0,0,0,0,0,0,0,0,0,0,0,0,0,0,0,29,-1,0,0,0,0,0,0,0,0,0,0,0,0,214,0,0,0,0,0,0,0,14,6,0,0,0,0,0,0,0,0,254,0,0,0,0,0,0,0,5,0,0,2,0,4,7,-1,-1,-1,-1,-1,-1,-1,-1,0,0,0,5,3,0,24
2878,-1,,,,,Bearded Boneaxe,1,0,0,0,0,0,0,0,0,0,0,0,0,0,0,0,0,0,0,0,0,0,0,0,0,0,1,0,0,0,5143,25718,1,1,1,0,24580,0,0,0,0,0,0,90,0,0,0,0,0,0,0,0,0,0,0,0,0,1900,0,0,0,30,-1,0,0,25,0,0,0,0,47,0,0,0,0,0,0,0,0,0,0,0,0,4,4,0,0,0,0,0,0,0,0,254,0,0,0,0,0,0,3,1,0,0,2,0,4,3,-1,-1,-1,-1,-1,-1,-1,-1,0,0,0,21,3,0,25
2910,-1,,,,,Gold Militia Boots,1,0,0,0,0,0,0,0,0,0,0,0,0,0,0,0,0,0,0,0,0,0,0,0,0,0,1,0,0,0,1257,6286,1,1,1,0,24580,0,0,0,0,0,0,45,0,0,0,0,0,0,0,0,0,0,0,0,0,0,0,0,0,25,-1,0,0,0,0,0,0,0,0,0,0,0,0,126,0,0,0,0,0,0,0,3,5,0,0,0,0,0,0,0,0,254,0,0,0,0,0,0,0,5,0,0,1,0,4,7,-1,-1,-1,-1,-1,-1,-1,-1,0,0,0,8,2,0,0
2933,-1,,,,,Seal of Wrynn,1,0,0,0,0,0,0,0,0,0,0,0,0,0,0,0,0,0,0,0,0,0,0,0,0,0,1,0,0,0,3750,15000,1,1,1,0,24580,0,0,0,0,0,0,0,0,0,0,0,0,0,0,0,0,0,0,0,0,0,0,0,0,31,-1,0,0,0,0,0,0,0,0,0,0,0,0,0,0,0,0,0,0,0,0,4,3,3,3,4,0,0,0,0,0,254,0,0,0,0,0,0,0,0,0,0,1,0,7,6,3,4,5,-1,-1,-1,-1,-1,0,0,0,11,3,0,0
2941,-1,,,,,Prison Shank,1,0,0,0,0,0,0,0,0,0,0,0,0,0,0,0,0,0,0,0,0,0,0,0,0,0,1,0,0,0,3552,17761,1,1,1,0,24580,0,0,0,0,0,0,60,0,0,0,0,0,0,0,0,0,0,0,0,0,1800,0,0,0,26,-1,0,0,21,0,0,0,0,39,0,0,0,0,0,0,0,0,0,0,0,0,5,2,0,0,0,0,0,0,0,0,254,0,0,0,0,0,0,3,1,0,0,1,0,3,7,-1,-1,-1,-1,-1,-1,-1,-1,0,0,0,13,3,0,21
2953,-1,,,,,Watch Master's Cloak,1,0,0,0,0,0,0,0,0,0,0,0,0,0,0,0,0,0,0,0,0,0,0,0,0,0,1,0,0,0,2321,11606,1,1,1,0,24580,0,0,0,0,0,0,0,0,0,0,0,0,0,0,0,0,0,0,0,0,0,0,0,0,33,-1,0,0,0,0,0,0,0,0,0,0,0,0,23,0,0,0,0,0,0,0,7,0,0,0,0,0,0,0,0,0,254,0,0,0,0,0,0,0,7,0,0,1,0,7,-1,-1,-1,-1,-1,-1,-1,-1,-1,0,0,0,16,2,0,0
3021,-1,,,,,Ranger Bow,1,0,0,0,0,100,0,0,0,0,0,0,0,0,0,0,0,0,0,0,0,0,0,0,0,0,1,0,0,0,2421,12105,1,1,1,0,24580,0,0,0,0,0,0,65,0,0,0,0,0,0,0,0,0,0,0,0,0,2700,0,0,0,25,-1,0,0,23,0,0,0,0,45,0,0,0,0,0,0,0,0,0,0,0,0,1,0,0,0,0,0,0,0,0,0,254,0,0,0,0,0,0,0,2,0,0,2,0,3,-1,-1,-1,-1,-1,-1,-1,-1,-1,0,0,0,15,3,2,20
3045,-1,,,,,Lambent Scale Boots,1,0,0,0,0,0,0,0,0,0,0,0,0,0,0,0,0,0,0,0,0,0,0,0,0,0,1,0,0,0,1573,7869,1,1,1,0,24580,0,0,0,0,0,0,50,0,0,0,0,0,0,0,0,0,0,0,0,0,0,0,0,0,27,-1,0,0,0,0,0,0,0,0,0,0,0,0,130,0,0,0,0,0,0,0,6,3,0,0,0,0,0,0,0,0,254,0,0,0,0,0,0,0,5,0,0,2,0,7,6,-1,-1,-1,-1,-1,-1,-1,-1,0,0,0,8,2,0,22
3048,-1,,,,,Lambent Scale Legguards,1,0,0,0,0,0,0,0,0,0,0,0,0,0,0,0,0,0,0,0,0,0,0,0,0,0,1,0,0,0,1919,9598,1,1,1,0,24580,0,0,0,0,0,0,70,0,0,0,0,0,0,0,0,0,0,0,0,0,0,0,0,0,26,-1,0,0,0,0,0,0,0,0,0,0,0,0,163,0,0,0,0,0,0,0,7,4,0,0,0,0,0,0,0,0,254,0,0,0,0,0,0,0,5,0,0,2,0,4,3,-1,-1,-1,-1,-1,-1,-1,-1,0,0,0,7,2,0,21
3049,-1,,,,,Lambent Scale Breastplate,1,0,0,0,0,0,0,0,0,0,0,0,0,0,0,0,0,0,0,0,0,0,0,0,0,0,1,0,0,0,2119,10595,1,1,1,0,24580,0,0,0,0,0,0,95,0,0,0,0,0,0,0,0,0,0,0,0,0,0,0,0,0,27,-1,0,0,0,0,0,0,0,0,0,0,0,0,189,0,0,0,0,0,0,0,8,3,0,0,0,0,0,0,0,0,254,0,0,0,0,0,0,0,5,0,0,2,0,7,6,-1,-1,-1,-1,-1,-1,-1,-1,0,0,0,5,2,0,22
3212,-1,,,,,Lambent Scale Bracers,1,0,0,0,0,0,0,0,0,0,0,0,0,0,0,0,0,0,0,0,0,0,0,0,0,0,1,0,0,0,929,4645,1,1,1,0,24580,0,0,0,0,0,0,35,0,0,0,0,0,0,0,0,0,0,0,0,0,0,0,0,0,26,-1,0,0,0,0,0,0,0,0,0,0,0,0,81,0,0,0,0,0,0,0,4,2,0,0,0,0,0,0,0,0,254,0,0,0,0,0,0,0,5,0,0,2,0,7,4,-1,-1,-1,-1,-1,-1,-1,-1,0,0,0,9,2,0,21
3228,-1,,,,,Jimmied Handcuffs,1,0,0,0,0,0,0,0,0,0,0,0,0,0,0,0,0,0,0,0,0,0,0,0,0,0,1,0,0,0,1098,5492,1,1,1,0,24580,0,0,0,0,0,0,40,0,0,0,0,0,0,0,0,0,0,0,0,0,0,0,0,0,26,-1,0,0,0,0,0,0,0,0,0,0,0,0,89,0,0,0,0,0,0,0,3,7,0,0,0,0,0,0,0,0,254,0,0,0,0,0,0,0,5,0,0,1,0,4,7,-1,-1,-1,-1,-1,-1,-1,-1,0,0,0,9,3,0,21
3231,-1,,,,,Cutthroat Pauldrons,1,0,0,0,0,0,0,0,0,0,0,0,0,0,0,0,0,0,0,0,0,0,0,0,0,0,1,0,0,0,1266,6332,1,1,1,0,24580,0,0,0,0,0,0,55,0,0,0,0,0,0,0,0,0,0,0,0,0,0,0,0,0,25,-1,0,0,0,0,0,0,0,0,0,0,0,0,137,0,0,0,0,0,0,0,4,4,0,0,0,0,0,0,0,0,254,0,0,0,0,0,0,0,5,0,0,2,0,4,7,-1,-1,-1,-1,-1,-1,-1,-1,0,0,0,3,2,0,20
3400,-1,,,,,Lucine Longsword,1,0,0,0,0,0,0,0,0,0,0,0,0,0,0,0,0,0,0,0,0,0,0,0,0,0,1,0,0,0,2761,13806,1,1,1,0,24580,0,0,0,0,0,0,65,0,0,0,0,0,0,0,0,0,0,0,0,0,2500,0,0,0,25,-1,0,0,22,0,0,0,0,42,0,0,0,0,0,0,0,0,0,0,0,0,4,0,0,0,0,0,0,0,0,0,254,0,0,0,0,0,0,3,1,0,0,1,0,7,-1,-1,-1,-1,-1,-1,-1,-1,-1,0,0,0,21,2,0,0
3413,-1,,,,,Doomspike,1,0,0,0,0,0,0,0,0,0,0,0,0,0,0,0,0,0,0,0,0,0,0,0,0,0,1,0,0,0,3229,16147,1,1,1,0,24580,0,0,0,0,0,0,50,0,0,0,0,0,0,0,0,0,0,0,0,0,1500,0,0,0,25,-1,0,0,17,0,0,0,0,32,0,0,0,0,0,0,0,0,0,0,0,0,3,3,0,0,0,0,0,0,0,0,254,0,0,0,0,0,0,3,1,0,0,2,0,4,7,-1,-1,-1,-1,-1,-1,-1,-1,0,0,0,13,3,0,20
3414,-1,,,,,Crested Scepter,1,0,0,0,0,0,0,0,0,0,0,0,0,0,0,0,0,0,0,0,0,0,0,0,0,0,1,0,0,0,4028,20144,1,1,1,0,24580,0,0,0,0,0,0,80,0,0,0,0,0,0,0,0,0,0,0,0,0,2600,0,0,0,27,-1,0,0,31,0,0,0,0,58,0,0,0,0,0,0,0,0,0,0,0,0,5,2,0,0,0,0,0,0,0,0,254,0,0,0,0,0,0,3,2,0,0,2,0,7,5,-1,-1,-1,-1,-1,-1,-1,-1,0,0,0,21,3,0,22
3416,-1,,,,,Martyr's Chain,1,0,0,0,0,0,0,0,0,0,0,0,0,0,0,0,0,0,0,0,0,0,0,0,0,0,1,0,0,0,2213,11069,1,1,1,0,24580,0,0,0,0,0,0,110,0,0,0,0,0,0,0,0,0,0,0,0,0,0,0,0,0,26,-1,0,0,0,0,0,0,0,0,0,0,0,0,204,0,0,0,0,0,0,0,5,8,8,0,0,0,0,0,0,0,254,0,0,0,0,0,0,0,5,0,0,2,0,6,7,4,-1,-1,-1,-1,-1,-1,-1,0,0,0,5,3,0,21
3429,-1,,,,,Guardsman Belt,1,0,0,0,0,0,0,0,0,0,0,0,0,0,0,0,0,0,0,0,0,0,0,0,0,0,1,0,0,0,586,2931,1,1,1,0,24580,0,0,0,0,0,0,25,0,0,0,0,0,0,0,0,0,0,0,0,0,0,0,0,0,24,-1,0,0,0,0,0,0,0,0,0,0,0,0,47,0,0,0,0,0,0,0,4,4,0,0,0,0,0,0,0,0,254,0,0,0,0,0,0,0,8,0,0,2,0,7,3,-1,-1,-1,-1,-1,-1,-1,-1,0,0,0,6,2,0,19
3481,-1,,,,,Silvered Bronze Shoulders,1,0,0,0,0,0,0,0,0,0,0,0,0,0,0,0,0,0,0,0,0,0,0,0,0,0,1,0,0,0,1284,6422,1,1,1,0,24580,0,0,0,0,0,0,55,0,0,0,0,0,0,0,0,0,0,0,0,0,0,0,0,0,25,-1,0,0,0,0,0,0,0,0,0,0,0,0,137,0,0,0,0,0,0,0,3,3,3,0,0,0,0,0,0,0,254,0,0,0,0,0,0,0,5,0,0,2,0,4,7,6,-1,-1,-1,-1,-1,-1,-1,0,0,0,3,2,0,20
3484,-1,,,,,Green Iron Boots,1,0,0,0,0,0,0,0,0,0,0,0,0,0,0,0,0,0,0,0,0,0,0,0,0,0,1,0,0,0,1767,8837,1,1,1,0,24580,0,0,0,0,0,0,50,0,0,0,0,0,0,0,0,0,0,0,0,0,0,0,0,0,29,-1,0,0,0,0,0,0,0,0,0,0,0,0,134,0,0,0,0,0,0,0,7,3,0,0,0,0,0,0,0,0,254,0,0,0,0,0,0,0,5,0,0,2,0,7,4,-1,-1,-1,-1,-1,-1,-1,-1,0,0,0,8,2,0,24
3485,-1,,,,,Green Iron Gauntlets,1,0,0,0,0,0,0,0,0,0,0,0,0,0,0,0,0,0,0,0,0,0,0,0,0,0,1,0,0,0,1295,6477,1,1,1,0,24580,0,0,0,0,0,0,35,0,0,0,0,0,0,0,0,0,0,0,0,0,0,0,0,0,30,-1,0,0,0,0,0,0,0,0,0,0,0,0,124,0,0,0,0,0,0,0,6,5,0,0,0,0,0,0,0,0,254,0,0,0,0,0,0,0,5,0,0,2,0,7,4,-1,-1,-1,-1,-1,-1,-1,-1,0,0,0,10,2,0,25
3656,-1,,,,,Lambent Scale Shield,1,0,0,0,0,0,0,0,0,0,0,0,0,0,0,0,0,0,0,0,0,0,0,0,0,0,1,0,0,0,2116,10584,1,1,1,0,24580,0,0,0,0,0,0,80,0,0,0,0,0,0,0,0,0,0,0,0,0,0,0,0,0,27,-1,0,0,0,0,0,0,0,0,0,0,0,0,528,0,0,0,0,0,0,0,4,2,0,0,0,0,0,0,0,0,254,0,0,0,0,0,0,4,1,0,0,2,0,4,7,-1,-1,-1,-1,-1,-1,-1,-1,0,0,0,14,2,0,22
4051,-1,,,,,Emblazoned Boots,1,0,0,0,0,0,0,0,0,0,0,0,0,0,0,0,0,0,0,0,0,0,0,0,0,0,1,0,0,0,1669,8349,1,1,1,0,24580,0,0,0,0,0,0,45,0,0,0,0,0,0,0,0,0,0,0,0,0,0,0,0,0,30,-1,0,0,0,0,0,0,0,0,0,0,0,0,64,0,0,0,0,0,0,0,7,3,0,0,0,0,0,0,0,0,254,0,0,0,0,0,0,0,8,0,0,2,0,7,3,-1,-1,-1,-1,-1,-1,-1,-1,0,0,0,8,2,0,25
4064,-1,,,,,Emblazoned Buckler,1,0,0,0,0,0,0,0,0,0,0,0,0,0,0,0,0,0,0,0,0,0,0,0,0,0,1,0,0,0,2987,14938,1,1,1,0,24580,0,0,0,0,0,0,85,0,0,0,0,0,0,0,0,0,0,0,0,0,0,0,0,0,30,-1,0,0,0,0,0,0,0,0,0,0,0,0,578,0,0,0,0,0,0,0,5,2,0,0,0,0,0,0,0,0,254,0,0,0,0,0,0,4,1,0,0,2,0,6,7,-1,-1,-1,-1,-1,-1,-1,-1,0,0,0,14,2,0,25
4249,-1,,,,,Dark Leather Belt,1,0,0,0,0,0,0,0,0,0,0,0,0,0,0,0,0,0,0,0,0,0,0,0,0,0,1,0,0,0,703,3515,1,1,1,0,24580,0,0,0,0,0,0,30,0,0,0,0,0,0,0,0,0,0,0,0,0,0,0,0,0,25,-1,0,0,0,0,0,0,0,0,0,0,0,0,48,0,0,0,0,0,0,0,4,4,0,0,0,0,0,0,0,0,254,0,0,0,0,0,0,0,8,0,0,2,0,3,7,-1,-1,-1,-1,-1,-1,-1,-1,0,0,0,6,2,0,20
4253,-1,,,,,Toughened Leather Gloves,1,0,0,0,0,0,0,0,0,0,0,0,0,0,0,0,0,0,0,0,0,0,0,0,0,0,1,0,0,0,962,4810,1,1,1,0,24580,0,0,0,0,0,0,35,0,0,0,0,0,0,0,0,0,0,0,0,0,0,0,0,0,27,-1,0,0,0,0,0,0,0,0,0,0,0,0,61,0,0,0,0,0,0,0,6,6,3,0,0,0,0,0,0,0,254,0,0,0,0,0,0,0,8,0,0,2,0,3,6,7,-1,-1,-1,-1,-1,-1,-1,0,0,0,10,3,0,22
4254,-1,,,,,Barbaric Gloves,1,0,0,0,0,0,0,0,0,0,0,0,0,0,0,0,0,0,0,0,0,0,0,0,0,0,1,0,0,0,1071,5356,1,1,1,0,24580,0,0,0,0,0,0,30,0,0,0,0,0,0,0,0,0,0,0,0,0,0,0,0,0,30,-1,0,0,0,0,0,0,0,0,0,0,0,0,58,0,0,0,0,0,0,0,5,4,4,0,0,0,0,0,0,0,254,0,0,0,0,0,0,0,8,0,0,2,0,7,6,3,-1,-1,-1,-1,-1,-1,-1,0,0,0,10,2,0,25
4438,-1,,,,,Pugilist Bracers,1,0,0,0,0,0,0,0,0,0,0,0,0,0,0,0,0,0,0,0,0,0,0,0,0,0,1,0,0,0,1692,8464,1,1,1,0,24580,0,0,0,0,0,0,40,0,0,0,0,0,0,0,0,0,0,0,0,0,0,0,0,0,30,-1,0,0,0,0,0,0,0,0,0,0,0,0,95,0,0,0,0,0,0,0,8,3,0,0,0,0,0,0,0,0,254,0,0,0,0,0,0,0,5,0,0,2,0,4,7,-1,-1,-1,-1,-1,-1,-1,-1,0,0,0,9,3,0,25
4445,-1,,,,,Flesh Carver,1,0,0,0,0,0,0,0,0,0,0,0,0,0,0,0,0,0,0,0,0,0,0,0,0,0,1,0,0,0,2068,10341,1,1,1,0,24580,0,0,0,0,0,0,65,0,0,0,0,0,0,0,0,0,0,0,0,0,2300,0,0,0,23,-1,0,0,18,0,0,0,0,35,0,0,0,0,0,0,0,0,0,0,0,0,2,2,0,0,0,0,0,0,0,0,254,0,0,0,0,0,0,3,1,0,0,2,0,3,7,-1,-1,-1,-1,-1,-1,-1,-1,0,0,0,21,2,0,18
4454,-1,,,,,Talon of Vultros,1,0,0,0,0,0,0,0,0,0,0,0,0,0,0,0,0,0,0,0,0,0,0,0,0,0,1,1,0,0,3800,19001,1,1,1,0,24580,0,0,0,0,0,0,60,0,0,0,0,0,0,0,0,0,0,0,0,0,2000,0,0,0,26,-1,0,0,23,0,0,0,0,44,0,0,0,0,0,0,0,0,0,0,0,0,5,2,0,0,0,0,0,0,0,0,254,0,0,0,0,0,0,3,1,0,0,2,0,3,6,-1,-1,-1,-1,-1,-1,-1,-1,0,0,0,13,3,0,21
4535,-1,,,,,Ironforge Memorial Ring,1,0,0,0,0,0,0,0,0,0,0,0,0,0,0,0,0,0,0,0,0,0,0,0,0,0,1,0,0,0,882,3530,1,1,1,0,24580,0,0,0,0,0,0,0,0,0,0,0,0,0,0,0,0,0,0,0,0,0,0,0,0,31,-1,0,0,0,0,0,0,0,0,0,0,0,0,0,0,0,0,0,0,0,0,5,4,0,0,0,0,0,0,0,0,254,0,0,0,0,0,0,0,0,0,0,1,0,7,6,-1,-1,-1,-1,-1,-1,-1,-1,0,0,0,11,2,0,0
4705,-1,,,,,Lambent Scale Pauldrons,1,0,0,0,0,0,0,0,0,0,0,0,0,0,0,0,0,0,0,0,0,0,0,0,0,0,1,0,0,0,1449,7248,1,1,1,0,24580,0,0,0,0,0,0,55,0,0,0,0,0,0,0,0,0,0,0,0,0,0,0,0,0,27,-1,0,0,0,0,0,0,0,0,0,0,0,0,142,0,0,0,0,0,0,0,5,5,0,0,0,0,0,0,0,0,254,0,0,0,0,0,0,0,5,0,0,2,0,4,7,-1,-1,-1,-1,-1,-1,-1,-1,0,0,0,3,2,0,22
4707,-1,,,,,Lambent Scale Girdle,1,0,0,0,0,0,0,0,0,0,0,0,0,0,0,0,0,0,0,0,0,0,0,0,0,0,1,0,0,0,881,4407,1,1,1,0,24580,0,0,0,0,0,0,35,0,0,0,0,0,0,0,0,0,0,0,0,0,0,0,0,0,26,-1,0,0,0,0,0,0,0,0,0,0,0,0,105,0,0,0,0,0,0,0,5,4,0,0,0,0,0,0,0,0,254,0,0,0,0,0,0,0,5,0,0,2,0,4,7,-1,-1,-1,-1,-1,-1,-1,-1,0,0,0,6,2,0,21
4724,-1,,,,,Humbert's Helm,1,0,0,0,0,0,0,0,0,0,0,0,0,0,0,0,0,0,0,0,0,0,0,0,0,0,1,0,0,0,1763,8815,1,1,1,0,24580,0,0,0,0,0,0,50,0,0,0,0,0,0,0,0,0,0,0,0,0,0,0,0,0,30,-1,0,0,0,0,0,0,0,0,0,0,0,0,76,0,0,0,0,0,0,0,8,7,0,0,0,0,0,0,0,0,254,0,0,0,0,0,0,0,8,0,0,2,0,7,3,-1,-1,-1,-1,-1,-1,-1,-1,0,0,0,1,2,0,25
4800,-1,,,,,Mighty Chain Pants,1,0,0,0,0,0,0,0,0,0,0,0,0,0,0,0,0,0,0,0,0,0,0,0,0,0,1,0,0,0,1221,6109,1,1,1,0,24580,0,0,0,0,0,0,65,0,0,0,0,0,0,0,0,0,0,0,0,0,0,0,0,0,23,-1,0,0,0,0,0,0,0,0,0,0,0,0,155,0,0,0,0,0,0,0,5,5,0,0,0,0,0,0,0,0,254,0,0,0,0,0,0,0,5,0,0,2,0,4,7,-1,-1,-1,-1,-1,-1,-1,-1,0,0,0,7,2,0,18
4826,-1,,,,,Marauder Axe,1,0,0,0,0,0,0,0,0,0,0,0,0,0,0,0,0,0,0,0,0,0,0,0,0,0,1,0,0,0,3087,15436,1,1,1,0,24580,0,0,0,0,0,0,70,0,0,0,0,0,0,0,0,0,0,0,0,0,2000,0,0,0,26,-1,0,0,18,0,0,0,0,35,0,0,0,0,0,0,0,0,0,0,0,0,4,0,0,0,0,0,0,0,0,0,254,0,0,0,0,0,0,3,1,0,0,2,0,7,-1,-1,-1,-1,-1,-1,-1,-1,-1,0,0,0,21,2,0,21
4831,-1,,,,,Stalking Pants,1,0,0,0,0,0,0,0,0,0,0,0,0,0,0,0,0,0,0,0,0,0,0,0,0,0,1,0,0,0,1571,7858,1,1,1,0,24580,0,0,0,0,0,0,60,0,0,0,0,0,0,0,0,0,0,0,0,0,0,0,0,0,26,-1,0,0,0,0,0,0,0,0,0,0,0,0,76,0,0,0,0,0,0,0,6,6,0,0,0,0,0,0,0,0,254,0,0,0,0,0,0,0,8,0,0,2,0,7,3,-1,-1,-1,-1,-1,-1,-1,-1,0,0,0,7,2,0,21
4833,-1,,,,,Glorious Shoulders,1,0,0,0,0,0,0,0,0,0,0,0,0,0,0,0,0,0,0,0,0,0,0,0,0,0,1,0,0,0,1731,8658,1,1,1,0,24580,0,0,0,0,0,0,60,0,0,0,0,0,0,0,0,0,0,0,0,0,0,0,0,0,28,-1,0,0,0,0,0,0,0,0,0,0,0,0,144,0,0,0,0,0,0,0,5,5,0,0,0,0,0,0,0,0,254,0,0,0,0,0,0,0,5,0,0,2,0,7,6,-1,-1,-1,-1,-1,-1,-1,-1,0,0,0,3,2,0,23
4835,-1,,,,,Elite Shoulders,1,0,0,0,0,0,0,0,0,0,0,0,0,0,0,0,0,0,0,0,0,0,0,0,0,0,1,0,0,0,2110,10550,1,1,1,0,24580,0,0,0,0,0,0,60,0,0,0,0,0,0,0,0,0,0,0,0,0,0,0,0,0,30,-1,0,0,0,0,0,0,0,0,0,0,0,0,149,0,0,0,0,0,0,0,6,5,0,0,0,0,0,0,0,0,254,0,0,0,0,0,0,0,5,0,0,2,0,4,7,-1,-1,-1,-1,-1,-1,-1,-1,0,0,0,3,2,0,25
4998,-1,,,,,Blood Ring,1,0,0,0,0,0,0,0,0,0,0,0,0,0,0,0,0,0,0,0,0,0,0,0,0,0,1,0,0,0,837,3350,1,1,1,0,24580,0,0,0,0,0,0,0,0,0,0,0,0,0,0,0,0,0,0,0,0,0,0,0,0,24,-1,0,0,0,0,0,0,0,0,0,0,0,0,0,0,0,0,0,0,0,0,5,0,0,0,0,0,0,0,0,0,254,0,0,0,0,0,0,0,5,0,0,2,0,7,-1,-1,-1,-1,-1,-1,-1,-1,-1,0,0,0,11,2,0,19
5193,-1,,,,,Cape of the Brotherhood,1,0,0,0,0,0,0,0,0,0,0,0,0,0,0,0,0,0,0,0,0,0,0,0,0,0,1,0,0,0,940,4700,1,1,1,0,24580,0,0,0,0,0,0,0,0,0,0,0,0,0,0,0,0,0,0,0,0,0,0,0,0,25,-1,0,0,0,0,0,0,0,0,0,0,0,0,21,0,0,0,0,0,0,0,6,3,0,0,0,0,0,0,0,0,254,0,0,0,0,0,0,0,7,0,0,1,0,3,7,-1,-1,-1,-1,-1,-1,-1,-1,0,0,0,16,3,0,20
5443,-1,,,,,Gold-plated Buckler,1,0,0,0,0,0,0,0,0,0,0,0,0,0,0,0,0,0,0,0,0,0,0,0,0,0,1,0,0,0,1067,5335,1,1,1,0,24580,0,0,0,0,0,0,75,0,0,0,0,0,0,0,0,0,0,0,0,0,0,0,0,0,20,-1,0,0,0,0,0,0,0,0,0,0,0,0,471,0,0,0,0,0,0,0,5,2,0,0,0,0,0,0,0,0,254,0,0,0,0,0,0,4,1,0,0,1,0,7,3,-1,-1,-1,-1,-1,-1,-1,-1,0,0,0,14,3,0,15
5943,-1,,,,,Rift Bracers,1,0,0,0,0,0,0,0,0,0,0,0,0,0,0,0,0,0,0,0,0,0,0,0,0,0,1,0,0,0,840,4202,1,1,1,0,24580,0,0,0,0,0,0,30,0,0,0,0,0,0,0,0,0,0,0,0,0,0,0,0,0,25,-1,0,0,0,0,0,0,0,0,0,0,0,0,80,0,0,0,0,0,0,0,5,0,0,0,0,0,0,0,0,0,254,0,0,0,0,0,0,0,5,0,0,1,0,7,-1,-1,-1,-1,-1,-1,-1,-1,-1,0,0,0,9,2,0,20
5971,-1,,,,,Feathered Cape,1,0,0,0,0,0,0,0,0,0,0,0,0,0,0,0,0,0,0,0,0,0,0,0,0,0,1,0,0,0,1136,5681,1,1,1,0,24580,0,0,0,0,0,0,0,0,0,0,0,0,0,0,0,0,0,0,0,0,0,0,0,0,26,-1,0,0,0,0,0,0,0,0,0,0,0,0,20,0,0,0,0,0,0,0,4,2,0,0,0,0,0,0,0,0,254,0,0,0,0,0,0,0,7,0,0,2,0,7,3,-1,-1,-1,-1,-1,-1,-1,-1,0,0,0,16,2,0,21
6087,-1,,,,,Chausses of Westfall,1,0,0,0,0,0,0,0,0,0,0,0,0,0,0,0,0,0,0,0,0,0,0,0,0,0,1,0,0,0,1727,8639,1,1,1,0,24580,0,0,0,0,0,0,75,0,0,0,0,0,0,0,0,0,0,0,0,0,0,0,0,0,24,-1,0,0,0,0,0,0,0,0,0,0,0,0,173,0,0,0,0,0,0,0,5,11,0,0,0,0,0,0,0,0,254,0,0,0,0,0,0,0,5,0,0,1,0,7,4,-1,-1,-1,-1,-1,-1,-1,-1,0,0,0,7,3,0,0
6194,-1,,,,,Barreling Reaper,1,0,0,0,0,0,0,0,0,0,0,0,0,0,0,0,0,0,0,0,0,0,0,0,0,0,1,0,0,0,5308,26543,1,1,1,0,24580,0,0,0,0,0,0,75,0,0,0,0,0,0,0,0,0,0,0,0,0,1900,0,0,0,32,-1,0,0,22,0,0,0,0,41,0,0,0,0,0,0,0,0,0,0,0,0,5,0,0,0,0,0,0,0,0,0,254,0,0,0,0,0,0,3,1,0,0,1,0,7,-1,-1,-1,-1,-1,-1,-1,-1,-1,0,0,0,21,2,0,0
6220,-1,,,,,Meteor Shard,1,0,0,0,0,0,0,0,0,0,0,0,0,0,0,0,0,0,0,0,0,0,0,0,0,0,1,1,0,0,4893,24468,1,1,1,0,24580,0,0,0,0,0,0,65,0,0,0,0,0,0,0,0,0,0,0,0,0,1800,0,0,0,29,-1,0,0,23,0,0,0,0,43,0,0,0,0,0,0,0,0,0,0,0,0,0,0,0,0,0,0,0,0,0,0,254,0,0,0,0,0,0,3,1,0,0,1,0,-1,-1,-1,-1,-1,-1,-1,-1,-1,-1,0,0,0,13,3,0,24
6223,-1,,,,,Crest of Darkshire,1,0,0,0,0,0,0,0,0,0,0,0,0,0,0,0,0,0,0,0,0,0,0,0,0,0,1,0,0,0,4797,23986,1,1,1,0,24580,0,0,0,0,0,0,85,0,0,0,0,0,0,0,0,0,0,0,0,0,0,0,0,0,35,-1,0,0,0,0,0,0,0,0,0,0,0,0,661,0,0,0,0,0,0,0,2,7,0,0,0,0,0,0,0,0,254,0,0,0,0,0,0,4,1,0,0,1,0,4,7,-1,-1,-1,-1,-1,-1,-1,-1,0,0,0,14,2,0,0
6314,-1,,,,,Wolfmaster Cape,1,0,0,0,0,0,0,0,0,0,0,0,0,0,0,0,0,0,0,0,0,0,0,0,0,0,1,0,0,0,1268,6343,1,1,1,0,24580,0,0,0,0,0,0,0,0,0,0,0,0,0,0,0,0,0,0,0,0,0,0,0,0,27,-1,0,0,0,0,0,0,0,0,0,0,0,0,20,0,0,0,0,0,0,0,2,4,0,0,0,0,0,0,0,0,254,0,0,0,0,0,0,0,7,0,0,1,0,7,3,-1,-1,-1,-1,-1,-1,-1,-1,0,0,0,16,2,0,22
6320,-1,,,,,Commander's Crest,1,0,0,0,0,0,0,0,0,0,0,0,0,0,0,0,0,0,0,0,0,0,0,0,0,0,1,0,0,0,2711,13556,1,1,1,0,24580,0,0,0,0,0,0,95,0,0,0,0,0,0,0,0,0,0,0,0,0,0,0,0,0,28,-1,0,0,0,0,0,0,0,0,0,0,0,0,623,0,0,0,0,0,0,0,3,3,6,0,0,0,0,0,0,0,254,0,0,0,0,0,0,4,1,0,0,1,0,6,7,4,-1,-1,-1,-1,-1,-1,-1,0,0,0,14,3,0,23
6321,-1,,,,,Silverlaine's Family Seal,1,0,0,0,0,0,0,0,0,0,0,0,0,0,0,0,0,0,0,0,0,0,0,0,0,0,1,1,0,0,1650,6600,1,1,1,0,24580,0,0,0,0,0,0,0,0,0,0,0,0,0,0,0,0,0,0,0,0,0,0,0,0,26,-1,0,0,0,0,0,0,0,0,0,0,0,0,0,0,0,0,0,0,0,0,7,3,0,0,0,0,0,0,0,0,254,0,0,0,0,0,0,0,5,0,0,1,0,4,7,-1,-1,-1,-1,-1,-1,-1,-1,0,0,0,11,3,0,21
6340,-1,,,,,Fenrus' Hide,1,0,0,0,0,0,0,0,0,0,0,0,0,0,0,0,0,0,0,0,0,0,0,0,0,0,1,0,0,0,875,4375,1,1,1,0,24580,0,0,0,0,0,0,0,0,0,0,0,0,0,0,0,0,0,0,0,0,0,0,0,0,26,-1,0,0,0,0,0,0,0,0,0,0,0,0,20,0,0,0,0,0,0,0,4,2,0,0,0,0,0,0,0,0,254,0,0,0,0,0,0,0,7,0,0,1,0,3,7,-1,-1,-1,-1,-1,-1,-1,-1,0,0,0,16,2,0,21
6386,-1,,,,,Glimmering Mail Legguards,1,0,0,0,0,0,0,0,0,0,0,0,0,0,0,0,0,0,0,0,0,0,0,0,0,0,1,0,0,0,2692,13462,1,1,1,0,24580,0,0,0,0,0,0,75,0,0,0,0,0,0,0,0,0,0,0,0,0,0,0,0,0,30,-1,0,0,0,0,0,0,0,0,0,0,0,0,173,0,0,0,0,0,0,0,8,7,0,0,0,0,0,0,0,0,254,0,0,0,0,0,0,0,5,0,0,2,0,4,3,-1,-1,-1,-1,-1,-1,-1,-1,0,0,0,7,2,0,25
6387,-1,,,,,Glimmering Mail Bracers,1,0,0,0,0,0,0,0,0,0,0,0,0,0,0,0,0,0,0,0,0,0,0,0,0,0,1,0,0,0,1228,6141,1,1,1,0,24580,0,0,0,0,0,0,35,0,0,0,0,0,0,0,0,0,0,0,0,0,0,0,0,0,29,-1,0,0,0,0,0,0,0,0,0,0,0,0,85,0,0,0,0,0,0,0,5,2,0,0,0,0,0,0,0,0,254,0,0,0,0,0,0,0,5,0,0,2,0,7,3,-1,-1,-1,-1,-1,-1,-1,-1,0,0,0,9,2,0,24
6397,-1,,,,,Emblazoned Gloves,1,0,0,0,0,0,0,0,0,0,0,0,0,0,0,0,0,0,0,0,0,0,0,0,0,0,1,0,0,0,985,4929,1,1,1,0,24580,0,0,0,0,0,0,30,0,0,0,0,0,0,0,0,0,0,0,0,0,0,0,0,0,29,-1,0,0,0,0,0,0,0,0,0,0,0,0,57,0,0,0,0,0,0,0,6,5,0,0,0,0,0,0,0,0,254,0,0,0,0,0,0,0,8,0,0,2,0,7,3,-1,-1,-1,-1,-1,-1,-1,-1,0,0,0,10,2,0,24
6449,-1,,,,,Glowing Lizardscale Cloak,1,0,0,0,0,0,0,0,0,0,0,0,0,0,0,0,0,0,0,0,0,0,0,0,0,0,1,0,0,0,701,3509,1,1,1,0,24580,0,0,0,0,0,0,0,0,0,0,0,0,0,0,0,0,0,0,0,0,0,0,0,0,22,-1,0,0,0,0,0,0,0,0,0,0,0,0,20,0,0,0,0,0,0,0,6,2,0,0,0,0,0,0,0,0,254,0,0,0,0,0,0,0,7,0,0,1,0,3,6,-1,-1,-1,-1,-1,-1,-1,-1,0,0,0,16,3,0,17
6459,-1,,,,,Savage Trodders,1,0,0,0,0,0,0,0,0,0,0,0,0,0,0,0,0,0,0,0,0,0,0,0,0,0,1,0,0,0,934,4674,1,1,1,0,24580,0,0,0,0,0,0,45,0,0,0,0,0,0,0,0,0,0,0,0,0,0,0,0,0,23,-1,0,0,0,0,0,0,0,0,0,0,0,0,122,0,0,0,0,0,0,0,6,0,0,0,0,0,0,0,0,0,254,0,0,0,0,0,0,0,5,0,0,1,0,7,-1,-1,-1,-1,-1,-1,-1,-1,-1,0,0,0,8,2,0,18
6468,-1,,,,,Deviate Scale Belt,1,0,0,0,0,0,0,0,0,0,0,0,0,0,0,0,0,0,0,0,0,0,0,0,0,0,1,0,0,0,658,3292,1,1,1,0,24580,0,0,0,0,0,0,30,0,0,0,0,0,0,0,0,0,0,0,0,0,0,0,0,0,23,-1,0,0,0,0,0,0,0,0,0,0,0,0,51,0,0,0,0,0,0,0,6,5,3,0,0,0,0,0,0,0,254,0,0,0,0,0,0,0,8,0,0,2,0,7,3,6,-1,-1,-1,-1,-1,-1,-1,0,0,0,6,3,0,18
6666,-1,,,,,Dredge Boots,1,0,0,0,0,0,0,0,0,0,0,0,0,0,0,0,0,0,0,0,0,0,0,0,0,0,1,0,0,0,830,4152,1,1,1,0,24580,0,0,0,0,0,0,45,0,0,0,0,0,0,0,0,0,0,0,0,0,0,0,0,0,22,-1,0,0,0,0,0,0,0,0,0,0,0,0,119,0,0,0,0,0,0,0,4,3,0,0,0,0,0,0,0,0,254,0,0,0,0,0,0,0,5,0,0,1,0,7,3,-1,-1,-1,-1,-1,-1,-1,-1,0,0,0,8,2,0,0
6675,-1,,,,,Tempered Bracers,1,0,0,0,0,0,0,0,0,0,0,0,0,0,0,0,0,0,0,0,0,0,0,0,0,0,1,0,0,0,1048,5244,1,1,1,0,24580,0,0,0,0,0,0,35,0,0,0,0,0,0,0,0,0,0,0,0,0,0,0,0,0,27,-1,0,0,0,0,0,0,0,0,0,0,0,0,83,0,0,0,0,0,0,0,5,1,0,0,0,0,0,0,0,0,254,0,0,0,0,0,0,0,5,0,0,1,0,7,6,-1,-1,-1,-1,-1,-1,-1,-1,0,0,0,9,2,0,0
6676,-1,,,,,Constable Buckler,1,0,0,0,0,0,0,0,0,0,0,0,0,0,0,0,0,0,0,0,0,0,0,0,0,0,1,0,0,0,2245,11229,1,1,1,0,24580,0,0,0,0,0,0,80,0,0,0,0,0,0,0,0,0,0,0,0,0,0,0,0,0,27,-1,0,0,0,0,0,0,0,0,0,0,0,0,528,0,0,0,0,0,0,0,4,3,0,0,0,0,0,0,0,0,254,0,0,0,0,0,0,4,1,0,0,1,0,7,6,-1,-1,-1,-1,-1,-1,-1,-1,0,0,0,14,2,0,0
6719,-1,,,,,Windborne Belt,1,0,0,0,0,0,0,0,0,0,0,0,0,0,0,0,0,0,0,0,0,0,0,0,0,0,1,0,0,0,1097,5485,1,1,1,0,24580,0,0,0,0,0,0,30,0,0,0,0,0,0,0,0,0,0,0,0,0,0,0,0,0,30,-1,0,0,0,0,0,0,0,0,0,0,0,0,53,0,0,0,0,0,0,0,6,5,0,0,0,0,0,0,0,0,254,0,0,0,0,0,0,0,8,0,0,1,0,3,7,-1,-1,-1,-1,-1,-1,-1,-1,0,0,0,6,2,0,0
6722,-1,,,,,Beastial Manacles,1,0,0,0,0,0,0,0,0,0,0,0,0,0,0,0,0,0,0,0,0,0,0,0,0,0,1,0,0,0,1331,6657,1,1,1,0,24580,0,0,0,0,0,0,35,0,0,0,0,0,0,0,0,0,0,0,0,0,0,0,0,0,30,-1,0,0,0,0,0,0,0,0,0,0,0,0,87,0,0,0,0,0,0,0,1,6,0,0,0,0,0,0,0,0,254,0,0,0,0,0,0,0,5,0,0,1,0,4,7,-1,-1,-1,-1,-1,-1,-1,-1,0,0,0,9,2,0,0
6748,-1,,,,,Monkey Ring,1,0,0,0,0,0,0,0,0,0,0,0,0,0,0,0,0,0,0,0,0,0,0,0,0,0,1,0,0,0,897,3590,1,1,1,0,24580,0,0,0,0,0,0,0,0,0,0,0,0,0,0,0,0,0,0,0,0,0,0,0,0,31,-1,0,0,0,0,0,0,0,0,0,0,0,0,0,0,0,0,0,0,0,0,6,0,0,0,0,0,0,0,0,0,254,0,0,0,0,0,0,1,5,0,0,1,0,3,-1,-1,-1,-1,-1,-1,-1,-1,-1,0,0,0,11,2,0,0
6751,-1,,,,,Mourning Shawl,1,0,0,0,0,0,0,0,0,0,0,0,0,0,0,0,0,0,0,0,0,0,0,0,0,0,1,0,0,0,1411,7057,1,1,1,0,24580,0,0,0,0,0,0,0,0,0,0,0,0,0,0,0,0,0,0,0,0,0,0,0,0,30,-1,0,0,0,0,0,0,0,0,0,0,0,0,21,0,0,0,0,0,0,0,-3,7,0,0,0,0,0,0,0,0,254,0,0,0,0,0,0,0,7,0,0,1,0,6,7,-1,-1,-1,-1,-1,-1,-1,-1,0,0,0,16,2,0,0
6752,-1,,,,,Lancer Boots,1,0,0,0,0,0,0,0,0,0,0,0,0,0,0,0,0,0,0,0,0,0,0,0,0,0,1,0,0,0,1601,8009,1,1,1,0,24580,0,0,0,0,0,0,45,0,0,0,0,0,0,0,0,0,0,0,0,0,0,0,0,0,30,-1,0,0,0,0,0,0,0,0,0,0,0,0,64,0,0,0,0,0,0,0,5,6,0,0,0,0,0,0,0,0,254,0,0,0,0,0,0,0,8,0,0,1,0,7,3,-1,-1,-1,-1,-1,-1,-1,-1,0,0,0,8,2,0,0
6971,-1,,,,,Fire Hardened Coif,1,0,0,0,0,0,0,0,0,0,0,0,0,0,0,0,0,0,0,0,0,0,0,0,0,0,1,0,0,0,2221,11105,1,1,1,0,24580,0,0,0,0,0,0,60,0,0,0,0,0,0,0,0,0,0,0,0,0,0,0,0,0,31,1,0,0,0,0,0,0,0,0,0,0,0,0,163,0,0,0,0,0,0,0,8,7,0,0,0,0,0,0,0,0,254,0,0,0,0,0,0,0,5,0,0,1,0,7,3,-1,-1,-1,-1,-1,-1,-1,-1,0,0,0,1,2,0,0
6972,-1,,,,,Fire Hardened Hauberk,1,0,0,0,0,0,0,0,0,0,0,0,0,0,0,0,0,0,0,0,0,0,0,0,0,0,1,0,0,0,3242,16214,1,1,1,0,24580,0,0,0,0,0,0,120,0,0,0,0,0,0,0,0,0,0,0,0,0,0,0,0,0,30,1,0,0,0,0,0,0,0,0,0,0,0,0,218,0,0,0,0,0,0,0,14,5,0,0,0,0,0,0,0,0,254,0,0,0,0,0,0,0,5,0,0,1,0,7,4,-1,-1,-1,-1,-1,-1,-1,-1,0,0,0,5,3,0,0
6973,-1,,,,,Fire Hardened Leggings,1,0,0,0,0,0,0,0,0,0,0,0,0,0,0,0,0,0,0,0,0,0,0,0,0,0,1,0,0,0,2465,12326,1,1,1,0,24580,0,0,0,0,0,0,75,0,0,0,0,0,0,0,0,0,0,0,0,0,0,0,0,0,29,1,0,0,0,0,0,0,0,0,0,0,0,0,171,0,0,0,0,0,0,0,7,7,0,0,0,0,0,0,0,0,254,0,0,0,0,0,0,0,5,0,0,1,0,4,7,-1,-1,-1,-1,-1,-1,-1,-1,0,0,0,7,2,0,0
6974,-1,,,,,Fire Hardened Gauntlets,1,0,0,0,0,0,0,0,0,0,0,0,0,0,0,0,0,0,0,0,0,0,0,0,0,0,1,0,0,0,1497,7485,1,1,1,0,24580,0,0,0,0,0,0,35,0,0,0,0,0,0,0,0,0,0,0,0,0,0,0,0,0,31,1,0,0,0,0,0,0,0,0,0,0,0,0,126,0,0,0,0,0,0,0,6,6,0,0,0,0,0,0,0,0,254,0,0,0,0,0,0,0,5,0,0,1,0,4,7,-1,-1,-1,-1,-1,-1,-1,-1,0,0,0,10,2,0,0
7002,-1,,,,,Arctic Buckler,1,0,0,0,0,0,0,0,0,0,0,0,0,0,0,0,0,0,0,0,0,0,0,0,0,0,1,0,0,0,3028,15141,1,1,1,0,24580,0,0,0,0,0,0,100,0,0,0,0,0,0,0,0,0,0,0,0,0,0,0,0,0,29,-1,0,0,0,0,0,0,0,0,0,0,0,0,642,0,0,0,5,0,0,0,8,3,0,0,0,0,0,0,0,0,254,0,0,0,0,0,0,4,1,0,0,1,0,6,7,-1,-1,-1,-1,-1,-1,-1,-1,0,0,0,14,3,0,0
7003,-1,,,,,Beetle Clasps,1,0,0,0,0,0,0,0,0,0,0,0,0,0,0,0,0,0,0,0,0,0,0,0,0,0,1,0,0,0,981,4906,1,1,1,0,24580,0,0,0,0,0,0,35,0,0,0,0,0,0,0,0,0,0,0,0,0,0,0,0,0,27,-1,0,0,0,0,0,0,0,0,0,0,0,0,83,0,0,0,0,0,0,0,5,2,0,0,0,0,0,0,0,0,254,0,0,0,0,0,0,0,5,0,0,1,0,7,3,-1,-1,-1,-1,-1,-1,-1,-1,0,0,0,9,2,0,0
7107,-1,,,,,Belt of the Stars,1,0,0,0,0,0,0,0,0,0,0,0,0,0,0,0,0,0,0,0,0,0,0,0,0,0,1,0,0,0,1858,9293,1,1,1,0,24580,0,0,0,0,0,0,35,0,0,0,0,0,0,0,0,0,0,0,0,0,0,0,0,0,33,-1,0,0,0,0,0,0,0,0,0,0,0,0,117,0,0,0,0,0,0,0,6,6,0,0,0,0,0,0,0,0,254,0,0,0,0,0,0,0,5,0,0,1,0,4,7,-1,-1,-1,-1,-1,-1,-1,-1,0,0,0,6,2,0,0
7754,-1,,,,,Harbinger Boots,1,0,0,0,0,0,0,0,0,0,0,0,0,0,0,0,0,0,0,0,0,0,0,0,0,0,1,0,0,0,1959,9798,1,1,1,0,24580,0,0,0,0,0,0,50,0,0,0,0,0,0,0,0,0,0,0,0,0,0,0,0,0,30,-1,0,0,0,0,0,0,0,0,0,0,0,0,71,0,0,0,0,0,0,0,11,3,2,0,0,0,0,0,0,0,254,0,0,0,0,0,0,0,8,0,0,2,0,7,6,4,-1,-1,-1,-1,-1,-1,-1,0,0,0,8,3,0,25
7786,-1,,,,,Headsplitter,1,0,0,0,0,0,0,0,0,0,0,0,0,0,0,0,0,0,0,0,0,0,0,0,0,0,1,0,0,0,5605,28028,1,1,1,0,24580,0,0,0,0,0,0,90,0,0,0,0,0,0,0,0,0,0,0,0,0,2300,0,0,0,30,-1,0,0,30,0,0,0,0,57,0,0,0,0,0,0,0,0,0,0,0,0,3,5,0,0,0,0,0,0,0,0,254,0,0,0,0,0,0,3,1,0,0,2,0,4,7,-1,-1,-1,-1,-1,-1,-1,-1,0,0,0,13,3,0,25
9488,-1,,,,,Oscillating Power Hammer,1,0,0,0,0,0,0,0,0,0,0,0,0,0,0,0,0,0,0,0,0,0,0,0,0,0,1,0,0,0,4419,22096,1,1,1,0,24580,0,0,0,0,0,0,80,0,0,0,0,0,0,0,0,0,0,0,0,0,2000,0,0,0,28,-1,0,0,24,0,0,0,0,46,0,0,0,0,0,0,0,0,0,0,0,0,5,1,0,0,0,0,0,0,0,0,254,0,0,0,0,0,0,3,2,0,0,2,0,4,7,-1,-1,-1,-1,-1,-1,-1,-1,0,0,0,13,3,0,23
10410,-1,,,,,Leggings of the Fang,1,0,0,0,0,0,0,0,0,0,0,0,0,0,0,0,0,0,0,0,0,0,0,0,0,0,1,0,0,0,1256,6280,1,1,1,0,24580,0,0,0,0,0,0,65,0,0,0,0,0,0,0,0,0,0,162,0,0,0,0,0,0,23,-1,0,0,0,0,0,0,0,0,0,0,0,0,79,0,0,0,0,0,0,0,5,4,9,0,0,0,0,0,0,0,254,0,0,0,0,0,0,0,8,0,0,1,0,4,7,3,-1,-1,-1,-1,-1,-1,-1,0,0,0,7,3,0,18
10518,-1,,,,,Parachute Cloak,1,0,0,0,0,0,0,0,0,0,0,0,0,0,0,0,0,0,0,0,0,0,0,0,0,0,1,0,0,0,4696,23482,1,1,1,0,24580,0,0,0,0,0,0,0,0,0,0,0,0,0,0,0,0,0,0,0,0,0,0,225,202,45,-1,0,0,0,0,0,0,0,0,0,0,0,0,30,0,0,0,0,0,0,0,8,0,0,0,0,0,0,0,0,0,254,0,0,0,0,0,0,0,7,0,0,2,0,3,-1,-1,-1,-1,-1,-1,-1,-1,-1,0,0,0,16,2,0,0
10658,-1,,,,,Quagmire Galoshes,1,0,0,0,0,0,0,0,0,0,0,0,0,0,0,0,0,0,0,0,0,0,0,0,0,0,1,0,0,0,1249,6248,1,1,1,0,24580,0,0,0,0,0,0,45,0,0,0,0,0,0,0,0,0,0,0,0,0,0,0,0,0,25,-1,0,0,0,0,0,0,0,0,0,0,0,0,126,0,0,0,0,0,0,0,6,0,0,0,0,0,0,0,0,0,254,0,0,0,0,0,0,0,5,0,0,1,0,7,-1,-1,-1,-1,-1,-1,-1,-1,-1,0,0,0,8,2,0,0
12982,-1,,,,,Silver-linked Footguards,1,0,0,0,0,0,0,0,0,0,0,0,0,0,0,0,0,0,0,0,0,0,0,0,0,0,1,0,0,0,850,4254,1,1,1,0,24580,0,0,0,0,0,0,45,0,0,0,0,0,0,0,0,0,0,0,0,0,0,0,0,0,21,-1,0,0,0,0,0,0,0,0,0,0,0,0,129,0,0,0,0,0,0,0,3,7,0,0,0,0,0,0,0,0,254,0,0,0,0,0,0,0,5,0,0,2,0,4,7,-1,-1,-1,-1,-1,-1,-1,-1,0,0,0,8,3,0,16
12985,-1,,,,,Ring of Defense,1,0,0,0,0,0,0,0,0,0,0,0,0,0,0,0,0,0,0,0,0,0,0,0,0,0,1,1,0,0,1153,4615,1,1,1,0,24580,0,0,0,0,0,0,0,0,0,0,0,0,0,0,0,0,0,0,0,0,0,0,0,0,22,-1,0,0,0,0,0,0,0,0,0,0,0,0,20,0,0,0,0,0,0,0,0,0,0,0,0,0,0,0,0,0,254,0,0,0,0,0,0,0,4,0,7,2,0,-1,-1,-1,-1,-1,-1,-1,-1,-1,-1,0,0,0,11,3,0,17
12997,-1,,,,,Redbeard Crest,1,0,0,0,0,0,0,0,0,0,0,0,0,0,0,0,0,0,0,0,0,0,0,0,0,0,1,0,0,0,1920,9600,1,1,1,0,24580,0,0,0,0,0,0,90,0,0,0,0,0,0,0,0,0,0,0,0,0,0,0,0,0,24,-1,0,0,0,0,0,0,0,0,0,0,0,0,547,0,0,0,0,0,0,0,6,3,0,0,0,0,0,0,0,0,254,0,0,0,0,0,0,4,1,0,0,2,0,4,7,-1,-1,-1,-1,-1,-1,-1,-1,0,0,0,14,3,0,19
13010,-1,,,,,Dreamsinger Legguards,1,0,0,0,0,0,0,0,0,0,0,0,0,0,0,0,0,0,0,0,0,0,0,0,0,0,1,0,0,0,2241,11207,1,1,1,0,24580,0,0,0,0,0,0,80,0,0,0,0,0,0,0,0,0,0,0,0,0,0,0,0,0,26,-1,0,0,0,0,0,0,0,0,0,0,0,0,179,0,0,0,0,0,0,0,5,8,8,0,0,0,0,0,0,0,254,0,0,0,0,0,0,0,5,0,0,2,0,6,7,4,-1,-1,-1,-1,-1,-1,-1,0,0,0,7,3,0,21
13012,-1,,,,,Yorgen Bracers,1,0,0,0,0,0,0,0,0,0,0,0,0,0,0,0,0,0,0,0,0,0,0,0,0,0,1,0,0,0,1241,6208,1,1,1,0,24580,0,0,0,0,0,0,40,0,0,0,0,0,0,0,0,0,0,0,0,0,0,0,0,0,27,-1,0,0,0,0,0,0,0,0,0,0,0,0,91,0,0,0,0,0,0,0,6,3,3,0,0,0,0,0,0,0,254,0,0,0,0,0,0,0,5,0,0,2,0,4,3,7,-1,-1,-1,-1,-1,-1,-1,0,0,0,9,3,0,22
13079,-1,,,,,Shield of Thorsen,1,0,50,0,0,0,0,0,0,0,0,0,0,0,0,0,0,0,0,0,0,0,0,0,0,0,1,0,0,0,3359,16798,1,1,1,0,24580,0,0,0,0,0,0,100,0,0,0,0,0,0,0,0,0,0,0,0,0,0,0,0,0,30,-1,0,0,0,0,0,0,0,0,0,0,0,0,661,0,0,0,0,0,0,0,7,0,0,0,0,0,0,0,0,0,254,0,0,0,0,0,0,4,1,0,0,2,0,4,-1,-1,-1,-1,-1,-1,-1,-1,-1,0,0,0,14,3,0,25
13097,-1,,,,,Thunderbrow Ring,1,0,0,0,0,0,0,0,0,0,0,0,0,0,0,0,0,0,0,0,0,0,0,0,0,0,1,1,0,0,2164,8658,1,1,1,0,24580,0,0,0,0,0,0,0,0,0,0,0,0,0,0,0,0,0,0,0,0,0,0,0,0,29,-1,0,0,0,0,0,0,0,0,0,0,0,0,0,0,0,0,0,0,0,0,3,8,0,0,0,0,0,0,0,0,254,0,0,0,0,0,0,0,0,0,0,2,0,3,4,-1,-1,-1,-1,-1,-1,-1,-1,0,0,0,11,3,0,24
13114,-1,,,,,Troll's Bane Leggings,1,0,0,0,0,0,0,0,0,0,0,0,0,0,0,0,0,0,0,0,0,0,0,0,0,0,1,0,0,0,2574,12870,1,1,1,0,24580,0,0,0,0,0,0,75,0,0,0,0,0,0,0,0,0,0,0,0,0,0,0,0,0,30,-1,0,0,0,0,0,0,0,0,0,0,0,0,90,0,0,0,0,0,0,0,14,4,4,0,0,0,0,0,0,0,254,0,0,0,0,0,0,0,8,0,0,2,0,3,6,7,-1,-1,-1,-1,-1,-1,-1,0,0,0,7,3,0,25
13131,-1,,,,,Sparkleshell Mantle,1,0,0,0,0,0,0,0,0,0,0,0,0,0,0,0,0,0,0,0,0,0,0,0,0,0,1,0,0,0,2312,11563,1,1,1,0,24580,0,0,0,0,0,0,70,0,0,0,0,0,0,0,0,0,0,0,0,0,0,0,0,0,29,-1,0,0,0,0,0,0,0,0,0,0,0,0,161,0,0,0,0,0,0,0,10,4,0,0,0,0,0,0,0,0,254,0,0,0,0,0,0,0,5,0,0,2,0,7,3,-1,-1,-1,-1,-1,-1,-1,-1,0,0,0,3,3,0,24
13245,-1,,,,,Kresh's Back,1,0,0,0,0,0,0,0,0,0,0,0,0,0,0,0,0,0,0,0,0,0,0,0,0,0,1,0,0,0,1064,5323,1,1,1,0,24580,0,0,0,0,0,0,75,0,0,0,0,0,0,0,0,0,0,0,0,0,0,0,0,0,20,-1,0,0,0,0,0,0,0,0,0,0,0,0,471,0,0,0,0,0,0,0,0,0,0,0,0,0,0,0,0,0,254,0,0,0,0,0,0,4,1,0,0,1,0,-1,-1,-1,-1,-1,-1,-1,-1,-1,-1,0,0,0,14,3,0,15
14567,-1,,,,,Bristlebark Belt,1,0,0,0,0,0,0,0,0,0,0,0,0,0,0,0,0,0,0,0,0,0,0,0,0,0,1,0,0,0,529,2648,1,1,1,0,24580,0,0,0,0,0,0,25,0,0,0,0,0,0,0,0,0,0,0,0,0,0,0,0,0,23,-1,0,0,0,0,0,0,0,0,0,0,0,0,46,0,0,0,0,0,0,0,4,4,0,0,0,0,0,0,0,0,254,0,0,0,0,0,0,0,8,0,0,2,0,3,7,-1,-1,-1,-1,-1,-1,-1,-1,0,0,0,6,2,0,18
14727,-1,,,,,War Paint Legguards,1,0,0,0,0,0,0,0,0,0,0,0,0,0,0,0,0,0,0,0,0,0,0,0,0,0,1,0,0,0,778,3890,1,1,1,0,24580,0,0,0,0,0,0,60,0,0,0,0,0,0,0,0,0,0,0,0,0,0,0,0,0,19,-1,0,0,0,0,0,0,0,0,0,0,0,0,144,0,0,0,0,0,0,0,4,3,1,0,0,0,0,0,0,0,254,0,0,0,0,0,0,0,5,0,0,2,0,7,4,3,-1,-1,-1,-1,-1,-1,-1,0,0,0,7,2,0,14
14744,-1,,,,,Hulking Chestguard,1,0,0,0,0,0,0,0,0,0,0,0,0,0,0,0,0,0,0,0,0,0,0,0,0,0,1,0,0,0,2310,11551,1,1,1,0,24580,0,0,0,0,0,0,100,0,0,0,0,0,0,0,0,0,0,0,0,0,0,0,0,0,28,-1,0,0,0,0,0,0,0,0,0,0,0,0,192,0,0,0,0,0,0,0,8,5,0,0,0,0,0,0,0,0,254,0,0,0,0,0,0,0,5,0,0,2,0,7,4,-1,-1,-1,-1,-1,-1,-1,-1,0,0,0,5,2,0,23
14750,-1,,,,,Slayer's Cuffs,1,0,0,0,0,0,0,0,0,0,0,0,0,0,0,0,0,0,0,0,0,0,0,0,0,0,1,0,0,0,1068,5340,1,1,1,0,24580,0,0,0,0,0,0,35,0,0,0,0,0,0,0,0,0,0,0,0,0,0,0,0,0,28,-1,0,0,0,0,0,0,0,0,0,0,0,0,84,0,0,0,0,0,0,0,4,4,0,0,0,0,0,0,0,0,254,0,0,0,0,0,0,0,5,0,0,2,0,7,4,-1,-1,-1,-1,-1,-1,-1,-1,0,0,0,9,2,0,23
14754,-1,,,,,Slayer's Gloves,1,0,0,0,0,0,0,0,0,0,0,0,0,0,0,0,0,0,0,0,0,0,0,0,0,0,1,0,0,0,1193,5965,1,1,1,0,24580,0,0,0,0,0,0,35,0,0,0,0,0,0,0,0,0,0,0,0,0,0,0,0,0,29,-1,0,0,0,0,0,0,0,0,0,0,0,0,122,0,0,0,0,0,0,0,6,5,0,0,0,0,0,0,0,0,254,0,0,0,0,0,0,0,5,0,0,2,0,7,6,-1,-1,-1,-1,-1,-1,-1,-1,0,0,0,10,2,0,24
14755,-1,,,,,Slayer's Sash,1,0,0,0,0,0,0,0,0,0,0,0,0,0,0,0,0,0,0,0,0,0,0,0,0,0,1,0,0,0,1118,5590,1,1,1,0,24580,0,0,0,0,0,0,35,0,0,0,0,0,0,0,0,0,0,0,0,0,0,0,0,0,28,-1,0,0,0,0,0,0,0,0,0,0,0,0,108,0,0,0,0,0,0,0,6,4,0,0,0,0,0,0,0,0,254,0,0,0,0,0,0,0,5,0,0,2,0,4,7,-1,-1,-1,-1,-1,-1,-1,-1,0,0,0,6,2,0,23
15891,-1,,,,,Hulking Shield,1,0,0,0,0,0,0,0,0,0,0,0,0,0,0,0,0,0,0,0,0,0,0,0,0,0,1,0,0,0,2014,10074,1,1,1,0,24580,0,0,0,0,0,0,80,0,0,0,0,0,0,0,0,0,0,0,0,0,0,0,0,0,26,-1,0,0,0,0,0,0,0,0,0,0,0,0,511,0,0,0,0,0,0,0,5,0,0,0,0,0,0,0,0,0,254,0,0,0,0,0,0,4,1,0,0,2,0,7,-1,-1,-1,-1,-1,-1,-1,-1,-1,0,0,0,14,2,0,21
18854,-1,,,,,Insignia of the Alliance,1,0,0,0,0,0,0,0,0,0,0,0,0,0,0,0,0,0,0,0,0,0,0,0,0,0,1,1,0,0,3750,15000,1,1,1,32768,24580,0,0,0,0,0,0,0,0,0,0,0,0,0,0,0,0,0,0,0,0,0,0,0,0,0,1,0,0,0,0,0,0,0,0,0,0,0,0,0,0,0,0,0,0,0,0,0,0,0,0,0,0,0,0,0,0,254,0,0,0,0,0,0,0,0,0,0,1,0,-1,-1,-1,-1,-1,-1,-1,-1,-1,-1,0,0,6,12,3,0,0
19969,-1,,,,,Nat Pagle's Extreme Anglin' Boots,1,0,0,0,0,0,0,0,0,0,0,0,0,0,0,0,0,0,0,0,0,0,0,0,0,0,1,0,0,0,3360,16801,1,1,1,0,24580,0,0,0,0,0,0,35,0,0,0,0,0,0,0,0,0,0,0,0,0,0,0,1,356,40,-1,0,0,0,0,0,0,0,0,0,0,0,0,36,0,0,0,0,0,0,0,12,0,0,0,0,0,0,0,0,0,254,0,0,0,0,0,0,0,7,0,0,1,0,7,-1,-1,-1,-1,-1,-1,-1,-1,-1,0,0,0,8,2,0,0
20439,-1,,,,,Protector's Band,1,0,0,0,0,0,0,0,0,0,0,0,0,0,0,0,0,0,0,0,0,0,0,0,0,0,1,1,0,0,5000,20000,1,1,1,32768,24580,0,0,0,0,0,0,0,0,0,0,0,0,0,0,0,0,0,0,0,0,0,0,0,0,23,-1,0,0,0,0,0,0,0,0,0,0,0,0,0,0,0,0,0,0,0,0,4,4,2,0,0,0,0,0,0,0,254,0,0,0,0,0,0,0,4,0,0,1,0,4,3,7,-1,-1,-1,-1,-1,-1,-1,0,0,0,11,3,0,18
20440,-1,,,,,Protector's Sword,1,0,0,0,0,0,0,0,0,0,0,0,0,0,0,0,0,0,0,0,0,0,0,0,0,0,1,1,0,0,2582,12910,1,1,1,32768,24580,0,0,0,0,0,0,75,0,0,0,0,0,0,0,0,0,0,0,0,0,2700,0,0,0,23,-1,0,0,28,0,0,0,0,53,0,0,0,0,0,0,0,0,0,0,0,0,4,2,0,0,0,0,0,0,0,0,254,0,0,0,0,0,0,3,1,0,0,1,0,4,7,-1,-1,-1,-1,-1,-1,-1,-1,0,0,0,13,3,0,18
20443,-1,,,,,Sentinel's Blade,1,0,0,0,0,0,0,0,0,0,0,0,0,0,0,0,0,0,0,0,0,0,0,0,0,0,1,1,0,0,2610,13050,1,1,1,32768,24580,0,0,0,0,0,0,50,0,0,0,0,0,0,0,0,0,0,0,0,0,1700,0,0,0,23,-1,0,0,18,0,0,0,0,34,0,0,0,0,0,0,0,0,0,0,0,0,4,2,0,0,0,0,0,0,0,0,254,0,0,0,0,0,0,3,1,0,0,1,0,3,7,-1,-1,-1,-1,-1,-1,-1,-1,0,0,0,13,3,0,18
20444,-1,,,,,Sentinel's Medallion,1,0,0,0,0,0,0,0,0,0,0,0,0,0,0,0,0,0,0,0,0,0,0,0,0,0,1,1,0,0,5000,20000,1,1,1,32768,24580,0,0,0,0,0,0,0,0,0,0,0,0,0,0,0,0,0,0,0,0,0,0,0,0,23,-1,0,0,0,0,0,0,0,0,0,0,0,0,0,0,0,0,0,0,0,0,6,2,0,0,0,0,0,0,0,0,254,0,0,0,0,0,0,0,4,0,0,1,0,3,7,-1,-1,-1,-1,-1,-1,-1,-1,0,0,0,2,3,0,18
21568,-1,,,,,Rune of Duty,1,0,0,0,0,0,0,0,0,0,0,0,0,0,0,0,0,0,0,0,0,0,0,0,0,0,1,1,0,0,5000,20000,1,1,1,32768,24580,0,0,0,0,0,0,0,0,0,0,0,0,0,0,0,0,0,0,0,0,0,0,0,0,25,-1521,0,0,0,0,0,0,0,0,0,0,0,0,0,0,0,0,0,0,0,0,4,0,0,0,0,0,0,0,0,0,254,0,0,0,0,0,0,0,4,0,0,1,0,7,-1,-1,-1,-1,-1,-1,-1,-1,-1,0,0,0,12,3,0,20
204804,-1,,,,,Hydraxian Bangles,1,0,0,0,0,0,0,0,0,0,0,0,0,0,0,0,0,0,0,0,0,0,0,0,0,0,1,0,0,0,981,4906,1,1,0.96350002289,0,24580,0,0,0,0,0,0,40,0,0,0,0,0,0,0,0,0,0,0,0,0,0,0,0,0,30,-1,0,0,0,0,0,0,0,0,0,0,0,0,95,0,0,0,0,0,0,0,4,7,0,0,0,0,0,0,0,0,254,0,0,0,0,0,0,0,5,0,0,1,0,4,7,-1,-1,-1,-1,-1,-1,-1,-1,0,0,0,9,3,0,25
209418,-1,,,,,Adamantine Tortoise Armor,1,0,120,0,0,0,0,0,0,0,0,0,0,0,0,0,0,0,0,0,0,0,0,0,0,0,1,0,0,0,1872,9364,1,1,0.99379998446,0,24580,0,0,0,0,0,0,120,0,0,0,0,0,0,0,0,0,0,0,0,0,0,0,0,0,30,-1,0,0,0,0,0,0,0,0,0,0,0,0,218,0,0,0,0,0,0,0,11,0,0,0,0,0,0,0,0,0,254,0,0,0,0,0,0,0,5,0,0,1,0,7,-1,-1,-1,-1,-1,-1,-1,-1,-1,0,0,0,5,3,0,25
209421,-1,,,,,Cord of Aquanis,1,0,0,0,0,0,0,0,0,0,0,0,0,0,0,0,0,0,0,0,0,0,0,0,0,0,1,0,0,0,1021,5105,1,1,1.00479996204,65536,24576,0,0,0,0,0,0,35,0,0,0,0,0,0,0,0,0,0,0,0,0,0,0,0,0,30,-1,0,0,0,0,0,0,0,0,0,0,0,0,58,0,0,0,0,0,0,0,7,7,4,0,0,0,0,0,0,0,0,0,0,0,0,0,0,0,8,0,0,1,0,3,6,7,-1,-1,-1,-1,-1,-1,-1,0,0,0,6,3,0,25
209422,-1,,,,,High Tide Choker,1,0,0,0,0,0,0,0,0,0,0,0,0,0,0,0,0,0,0,0,0,0,0,0,0,0,1,0,0,0,1170,5850,1,1,1.00849997997,65536,24576,0,0,0,0,0,0,0,0,0,0,0,0,0,0,0,0,0,0,0,0,0,0,0,0,30,-1,0,0,0,0,0,0,0,0,0,0,0,0,0,0,0,0,0,0,0,0,4,7,0,0,0,0,0,0,0,0,0,0,0,0,0,0,0,0,3,0,0,1,0,3,4,-1,-1,-1,-1,-1,-1,-1,-1,0,0,0,2,3,0,25
209424,-1,,,,,Shell Plate Barrier,0,0,0,0,0,0,0,0,0,0,0,0,0,0,0,0,0,0,0,0,0,0,0,0,0,0,1,0,0,0,2711,13556,1,1,1.01579999924,0,24576,0,0,0,0,0,0,100,0,0,0,0,0,0,0,0,0,0,0,0,0,0,0,0,0,30,-1,0,0,0,0,0,0,0,0,0,0,0,0,661,0,0,0,0,0,0,0,12,0,0,0,0,0,0,0,0,0,0,0,0,0,0,0,0,4,1,0,0,1,0,4,-1,-1,-1,-1,-1,-1,-1,-1,-1,0,0,0,14,3,0,25
209436,-1,"This dagger appears weathered, yet its edge remains razor-sharp.",,,,Chipped Bite of Serra'kis,1,0,0,0,0,0,0,0,0,0,0,0,0,0,0,0,0,0,0,0,0,0,0,0,0,0,1,0,0,0,4665,23326,1,1,0.98629999161,0,24580,0,0,0,0,0,0,65,0,0,0,0,0,0,0,0,0,0,0,0,0,1800,0,0,0,35,-1,0,0,29,0,0,0,0,55,0,0,0,0,0,0,0,0,0,0,0,0,0,0,0,0,0,0,0,0,0,0,254,0,0,0,0,0,0,3,1,0,0,1,0,-1,-1,-1,-1,-1,-1,-1,-1,-1,-1,0,0,0,13,3,0,25
209525,-1,,,,,Honed Darkwater Talwar,1,0,0,0,0,0,0,0,0,0,0,0,0,0,0,0,0,0,0,0,0,0,0,0,0,0,1,0,0,0,2941,14705,1,1,0.97180002928,0,24580,0,0,0,0,0,0,90,0,0,0,0,0,0,0,0,0,0,0,0,0,2700,0,0,0,35,-1,0,0,43,0,0,0,0,82,0,0,0,0,0,0,0,0,0,0,0,0,0,0,0,0,0,0,0,0,0,0,254,0,0,0,0,0,0,3,1,0,0,1,0,-1,-1,-1,-1,-1,-1,-1,-1,-1,-1,0,0,0,21,3,0,25
209560,-1,,,,,Hammer of Righteous Judgement,0.60000002384,0,0,0,0,0,0,0,0,0,0,0,0,0,0,0,0,0,0,0,0,0,0,0,0,0,1,0,0,0,8836,44180,1,1,0.95310002565,0,24580,0,0,0,0,0,0,90,0,0,0,0,0,0,0,0,0,0,0,0,0,1300,0,0,0,30,-1,0,0,17,0,0,0,0,32,0,0,0,0,50,0,0,0,0,0,0,0,3,2,0,0,0,0,0,0,0,0,254,0,0,0,0,0,0,3,2,0,0,1,0,4,7,-1,-1,-1,-1,-1,-1,-1,-1,0,0,0,21,3,0,25
209563,-1,,,,,Naga Heartrender,1,0,0,0,0,100,0,0,0,0,0,0,0,0,0,0,0,0,0,0,0,0,0,0,0,0,1,0,0,0,2314,11572,1,1,0.96420001984,0,24580,0,0,0,0,0,0,80,0,0,0,0,0,0,0,0,0,0,0,0,0,2900,0,0,0,30,-1,0,0,30,0,0,0,0,56,0,0,0,0,0,0,0,0,0,0,0,0,5,0,0,0,0,0,0,0,0,0,254,0,0,0,0,0,0,0,2,0,0,1,0,4,-1,-1,-1,-1,-1,-1,-1,-1,-1,0,0,0,15,3,2,25
209565,-1,,,,,Band of Deep Places,1,0,0,0,0,0,0,0,0,0,0,0,0,0,0,0,0,0,0,0,0,0,0,0,0,0,1,0,0,0,650,2600,1,1,0.9714999795,0,24580,0,0,0,0,0,0,0,0,0,0,0,0,0,0,0,0,0,0,0,0,0,0,0,0,30,-1,0,0,0,0,0,0,0,0,0,0,0,0,0,0,0,0,0,0,0,0,6,6,0,0,0,0,0,0,0,0,254,0,0,0,0,0,0,0,5,0,0,1,0,7,4,-1,-1,-1,-1,-1,-1,-1,-1,0,0,0,11,3,0,25
209566,-1,,,,,Leggings of the Faithful,1,0,0,0,0,0,0,0,0,0,0,0,0,0,0,0,0,0,0,0,0,0,0,0,0,0,1,0,0,0,1727,8639,1,1,0.97519999743,0,24580,0,0,0,0,0,0,90,0,0,0,0,0,0,0,0,0,0,0,0,0,0,0,0,0,30,-1,0,0,0,0,0,0,0,0,0,0,0,0,191,0,0,0,0,0,0,0,9,10,7,0,0,0,0,0,0,0,254,0,0,0,0,0,0,0,5,0,0,1,0,7,4,3,-1,-1,-1,-1,-1,-1,-1,0,0,0,7,3,0,25
209568,-1,,,,,Algae Gauntlets,1,0,0,0,0,0,0,0,0,0,0,0,0,0,0,0,0,0,0,0,0,0,0,0,0,0,1,0,0,0,1275,6377,1,1,0.98250001669,0,24580,0,0,0,0,0,0,40,0,0,0,0,0,0,0,0,0,0,0,0,0,0,0,0,0,30,-1,0,0,0,0,0,0,0,0,0,0,0,0,136,0,0,0,0,0,0,0,10,4,3,0,0,0,0,0,0,0,254,0,0,0,0,0,0,0,5,0,0,1,0,4,7,3,-1,-1,-1,-1,-1,-1,-1,0,0,0,10,3,0,25
209579,-1,,,,,Crashing Thunder,0.60000002384,0,0,0,0,0,0,0,0,0,0,0,0,0,0,0,0,0,0,0,0,0,0,0,0,0,1,0,0,0,3663,18316,1,1,1.04939997196,0,24580,0,0,0,0,0,0,65,0,0,0,0,0,0,0,0,0,0,0,0,0,1400,0,0,0,30,-1,0,0,18,0,0,0,0,35,0,0,0,0,0,0,0,0,0,0,0,0,0,0,0,0,0,0,0,0,0,0,254,0,0,0,0,0,0,7,1,0,0,1,0,-1,-1,-1,-1,-1,-1,-1,-1,-1,-1,0,0,0,21,3,0,25
209581,-1,,,,,Silver Hand Sabatons,1,0,0,0,0,0,0,0,0,0,0,0,0,0,0,0,0,0,0,0,0,0,0,0,0,0,1,0,0,0,3377,16885,1,1,0.95670002699,0,24580,0,0,0,0,0,0,60,0,0,0,0,0,0,0,0,0,0,0,0,0,0,0,0,0,30,-1,0,0,0,0,0,0,0,0,0,0,0,0,150,0,0,0,0,0,0,0,5,4,9,0,0,0,0,0,0,0,254,0,0,0,0,0,0,0,7,0,0,1,0,3,7,4,-1,-1,-1,-1,-1,-1,-1,0,0,0,8,3,0,25
209673,-1,,,,,Glowing Fetish Amulet,1,0,0,0,0,0,0,0,0,0,0,0,0,0,0,0,0,0,0,0,0,0,0,0,0,0,1,0,0,0,1170,5850,1,1,0.95310002565,65536,24576,0,0,0,0,0,0,0,0,0,0,0,0,0,0,0,0,0,0,0,0,0,0,0,0,30,-1,0,0,0,0,0,0,0,0,0,0,0,0,0,0,0,0,0,0,0,0,6,6,0,0,0,0,0,0,0,0,0,0,0,0,0,0,0,0,3,0,0,1,0,7,4,-1,-1,-1,-1,-1,-1,-1,-1,0,0,0,2,3,0,25
209676,-1,,,,,Shoulderguards of Crushing Depths,1,0,0,0,0,0,0,0,0,0,0,0,0,0,0,0,0,0,0,0,0,0,0,0,0,0,1,0,0,0,2312,11563,1,1,0.96420001984,0,24580,0,0,0,0,0,0,70,0,0,0,0,0,0,0,0,0,0,0,0,0,0,0,0,0,30,-1,0,0,0,0,0,0,0,0,0,0,0,0,163,0,0,0,0,0,0,0,11,3,0,0,0,0,0,0,0,0,254,0,0,0,0,0,0,0,5,0,0,1,0,7,4,-1,-1,-1,-1,-1,-1,-1,-1,0,0,0,3,3,0,25
209680,-1,,,,,Waterproof Scarf,0,0,0,0,0,0,0,0,0,0,0,0,0,0,0,0,0,0,0,0,0,0,0,0,0,0,1,0,0,0,880,4400,1,1,0.97879999876,65536,24576,0,0,0,0,0,0,0,0,0,0,0,0,0,0,0,0,0,0,0,0,0,0,0,0,30,-1,0,0,0,0,0,0,0,0,0,0,0,0,24,0,0,0,0,0,0,0,6,6,0,0,0,0,0,0,0,0,0,0,0,0,0,0,0,0,7,0,0,1,0,6,3,-1,-1,-1,-1,-1,-1,-1,-1,0,0,0,16,3,0,25
209682,-1,,,,,Sturdy Hood,1,0,50,0,0,0,0,0,0,0,0,0,0,0,0,0,0,0,0,0,0,0,0,0,0,0,1,0,0,0,3085,15428,1,1,0.98619997501,0,24580,0,0,0,0,0,0,60,0,0,0,0,0,0,0,0,0,0,0,0,0,0,0,0,0,30,-1,0,0,0,0,0,0,0,0,0,0,0,0,84,0,0,0,0,0,0,0,7,15,0,0,0,0,0,0,0,0,254,0,0,0,0,0,0,0,8,0,0,1,0,-1,7,-1,-1,-1,-1,-1,-1,-1,-1,0,0,0,1,3,0,25
209688,-1,,,,,Bael Modan Blunderbuss,1,0,0,0,0,100,0,0,0,0,0,0,0,0,0,0,0,0,0,0,0,0,0,0,0,0,1,0,0,0,4729,23645,1,1,1.03470003605,0,24580,0,0,0,0,0,0,80,0,0,0,0,0,0,0,0,0,0,0,0,0,2500,0,0,0,33,-1,0,0,29,0,0,0,0,55,0,0,0,0,0,0,0,0,0,0,0,0,6,0,0,0,0,0,0,0,0,0,254,0,0,0,0,0,0,0,2,0,0,1,0,3,-1,-1,-1,-1,-1,-1,-1,-1,-1,0,0,0,26,3,2,25
209689,-1,,,,,Crabshell Waders,1,0,0,0,0,0,0,0,0,0,0,0,0,0,0,0,0,0,0,0,0,0,0,0,0,0,1,0,0,0,3377,16885,1,1,1.03840005398,0,24580,0,0,0,0,0,0,60,0,0,0,0,0,0,0,0,0,0,0,0,0,0,0,0,0,33,-1,0,0,0,0,0,0,0,0,0,0,0,0,157,0,0,0,0,0,0,0,6,3,11,0,0,0,0,0,0,0,254,0,0,0,0,0,0,0,7,0,0,1,0,7,6,4,-1,-1,-1,-1,-1,-1,-1,0,0,0,8,3,0,25
209690,-1,,,,,Shadowscale Coif,1,0,50,0,0,0,0,0,0,0,0,0,0,0,0,0,0,0,0,0,0,0,0,0,0,0,1,0,0,0,2840,14200,1,1,1.0420999527,0,24580,0,0,0,0,0,0,70,0,0,0,0,0,0,0,0,0,0,0,0,0,0,0,0,0,33,-1,0,0,0,0,0,0,0,0,0,0,0,0,185,0,0,0,0,0,0,0,14,5,4,0,0,0,0,0,0,0,254,0,0,0,0,0,0,0,5,0,0,1,0,7,4,6,-1,-1,-1,-1,-1,-1,-1,0,0,0,1,3,0,25
209692,-1,,,,,Sentinel Pauldrons,1,0,0,0,0,0,0,0,0,0,0,0,0,0,0,0,0,0,0,0,0,0,0,0,0,0,1,0,0,0,2326,11633,1,1,1.04939997196,0,24580,0,0,0,0,0,0,60,0,0,0,0,0,0,0,0,0,0,0,0,0,0,0,0,0,33,-1,0,0,0,0,0,0,0,0,0,0,0,0,81,0,0,0,0,0,0,0,8,10,0,0,0,0,0,0,0,0,254,0,0,0,0,0,0,0,8,0,0,1,0,3,7,-1,-1,-1,-1,-1,-1,-1,-1,0,0,0,3,3,0,25
209817,-1,,,,,Voidwalker Brooch,1,0,0,0,0,0,0,0,0,0,0,0,0,0,0,0,0,0,0,0,0,0,0,0,0,0,1,0,0,0,1170,5850,1,1,1.01989996433,65536,24576,0,0,0,0,0,0,0,0,0,0,0,0,0,0,0,0,0,0,0,0,0,0,0,0,30,-1,0,0,0,0,0,0,0,0,0,0,0,0,0,0,0,0,0,0,0,0,4,6,0,0,0,0,0,0,0,0,0,0,0,0,0,0,0,0,3,0,0,1,0,-1,7,-1,-1,-1,-1,-1,-1,-1,-1,0,0,0,2,3,0,25
209818,-1,,,,,Sun-Touched Crescent,1,0,0,0,0,0,0,0,0,0,0,0,0,0,0,0,0,0,0,0,0,0,0,0,0,0,1,0,0,0,4665,23326,1,1,1.02359998226,0,24580,0,0,0,0,0,0,65,0,0,0,0,0,0,0,0,0,0,0,0,0,1200,0,0,0,30,-1,0,0,15,0,0,0,0,30,0,0,0,0,0,0,0,0,0,0,0,0,7,3,0,0,0,0,0,0,0,0,254,0,0,0,0,0,0,3,1,0,0,1,0,-1,7,-1,-1,-1,-1,-1,-1,-1,-1,0,0,0,13,3,0,25
209822,-1,,,,,Strength of Purpose,0.60000002384,0,0,0,0,0,0,0,0,0,0,0,0,0,0,0,0,0,0,0,0,0,0,0,0,0,1,0,0,0,8836,44180,1,1,1.03830003738,0,24580,0,0,0,0,0,0,90,0,0,0,0,0,0,0,0,0,0,0,0,0,2000,0,0,0,30,-1,0,0,26,0,0,0,0,50,0,0,0,0,0,0,0,0,0,0,0,0,5,2,3,0,0,0,0,0,0,0,254,0,0,0,0,0,0,3,2,0,0,1,0,5,7,6,-1,-1,-1,-1,-1,-1,-1,0,0,0,21,3,0,25
209824,-1,,,,,Shimmering Shoulderpads,1,0,60,0,0,0,0,0,0,0,0,0,0,0,0,0,0,0,0,0,0,0,0,0,0,0,1,0,0,0,2312,11563,1,1,1.04560005665,0,24580,0,0,0,0,0,0,70,0,0,0,0,0,0,0,0,0,0,0,0,0,0,0,0,0,30,-1,0,0,0,0,0,0,0,0,0,0,0,0,163,0,0,0,0,0,0,0,6,0,0,0,0,0,0,0,0,0,254,0,0,0,0,0,0,0,5,0,0,1,0,7,-1,-1,-1,-1,-1,-1,-1,-1,-1,0,0,0,3,3,0,25
209825,-1,,,,,Droplet Choker,1,0,0,0,0,0,0,0,0,0,0,0,0,0,0,0,0,0,0,0,0,0,0,0,0,0,1,0,0,0,1170,5850,1,1,1.04929995537,65536,24576,0,0,0,0,0,0,0,0,0,0,0,0,0,0,0,0,0,0,0,0,0,0,0,0,30,-1,0,0,0,0,0,0,0,0,0,0,0,0,0,0,0,0,0,0,0,0,6,6,0,0,0,0,0,0,0,0,0,0,0,0,0,0,0,0,3,0,0,1,0,7,6,-1,-1,-1,-1,-1,-1,-1,-1,0,0,0,2,3,0,25
209830,-1,,,,,Ironhide Arbalest,1,0,0,0,0,100,0,0,0,0,0,0,0,0,0,0,0,0,0,0,0,0,0,0,0,0,1,0,0,0,4729,23645,1,1,0.99409997463,0,24580,0,0,0,0,0,0,80,0,0,0,0,0,0,0,0,0,0,0,0,0,1900,0,0,0,30,-1,0,0,19,0,0,0,0,37,0,0,0,0,0,0,0,0,0,0,0,0,0,0,0,0,0,0,0,0,0,0,254,0,0,0,0,0,0,0,2,0,0,1,0,-1,-1,-1,-1,-1,-1,-1,-1,-1,-1,0,0,0,26,3,2,25
210773,-1,,,,,Mantle of the Second War,0,0,0,0,0,0,0,0,0,0,0,0,0,0,0,0,0,0,0,0,0,0,0,0,0,0,1,0,0,0,4000,4000,1,1,0.99010002613,65536,8192,0,0,0,0,0,0,70,0,0,0,0,0,0,0,0,0,0,0,0,0,0,0,0,0,30,-1,0,0,0,0,0,0,0,0,0,0,0,0,163,0,0,0,0,0,0,0,8,0,0,0,0,0,0,0,0,0,0,0,0,0,0,0,0,0,1,0,0,2,0,7,-1,-1,-1,-1,-1,-1,-1,-1,-1,0,0,0,3,3,0,25
210794,-1,,,,,Shifting Silver Breastplate,1,0,0,0,0,0,0,0,0,0,0,0,0,0,0,0,0,0,0,0,0,0,0,0,0,0,1,0,0,0,2935,14677,1,1,1.02020001411,0,24580,0,0,0,0,0,0,145,0,0,0,604,0,0,0,0,0,0,0,0,0,0,0,100,164,30,-1,0,0,0,0,0,0,0,0,0,0,0,0,238,0,0,0,0,0,0,0,12,5,7,0,0,0,0,0,0,0,254,0,0,0,0,0,0,0,5,0,0,1,0,4,7,-1,-1,-1,-1,-1,-1,-1,-1,0,0,0,5,4,0,25
211420,-1,,,,,Shifting Scale Talisman,1,0,0,0,0,0,0,0,0,0,0,0,0,0,0,0,0,0,0,0,0,0,0,0,0,0,1,0,0,0,0,25000,1,1,1.02339994907,64,24580,0,0,0,0,0,0,0,0,0,0,0,0,0,0,0,0,0,0,0,0,0,0,0,0,25,-1,0,0,0,0,0,0,0,0,0,0,0,0,0,0,0,0,0,0,0,0,5,0,0,0,0,0,0,0,0,0,254,0,0,0,0,0,0,0,3,0,0,1,0,6,-1,-1,-1,-1,-1,-1,-1,-1,-1,0,0,0,12,3,0,25
211423,-1,,,,,Void-Touched Leather Gloves,1,0,40,0,0,0,0,0,0,0,0,0,0,0,0,0,0,0,0,0,0,0,0,0,0,0,1,0,0,0,1315,5520,1,1,0.96090000868,0,24580,0,0,0,0,0,0,70,0,0,0,604,0,0,0,0,0,0,0,0,0,0,0,100,165,30,-1,0,0,0,0,0,0,0,0,0,0,0,0,70,0,0,0,0,0,0,0,6,4,6,0,0,0,0,0,0,0,254,0,0,0,0,0,0,0,8,0,0,1,0,3,6,7,-1,-1,-1,-1,-1,-1,-1,0,0,0,10,4,0,25
211449,-1,,,,,Avenger's Void Pearl,1,0,0,0,0,0,0,0,0,0,0,0,0,0,0,0,0,0,0,0,0,0,0,0,0,0,1,0,0,0,600,2400,1,1,0.98280000687,0,24580,0,0,0,0,0,0,0,0,0,0,603,0,0,0,0,0,0,0,0,0,0,0,0,0,33,-1,0,0,0,0,0,0,0,0,0,0,0,0,0,0,0,0,0,10,0,0,0,0,0,0,0,0,0,0,0,0,254,0,0,0,0,0,0,0,8,0,0,1,0,-1,-1,-1,-1,-1,-1,-1,-1,-1,-1,0,0,0,12,3,0,25
211451,-1,,,,,Acolyte's Void Pearl,1,0,0,0,0,0,0,0,0,0,0,0,0,0,0,0,0,0,0,0,0,0,0,0,0,0,1,0,0,0,600,2400,1,1,0.99010002613,0,24580,0,0,0,0,0,0,0,0,0,0,603,0,0,0,0,0,0,0,0,0,0,0,0,0,33,-1,0,0,0,0,0,0,0,0,0,0,0,0,0,0,0,0,0,10,0,0,0,0,0,0,0,0,0,0,0,0,254,0,0,0,0,0,0,0,8,0,0,1,0,-1,-1,-1,-1,-1,-1,-1,-1,-1,-1,0,0,0,12,3,0,25
211456,-1,,,,,Dagger of Willing Sacrifice,1,0,-3.09999990463,0,0,0,0,0,0,0,0,0,0,0,0,0,0,0,0,0,0,0,0,0,0,0,1,1,0,0,3386,16931,1,1,1.03499996662,0,24580,0,0,0,0,0,0,65,0,0,0,0,0,0,0,0,0,0,0,0,0,1500,0,0,0,33,-1,0,0,17,0,0,0,0,32,0,0,0,0,60,0,0,0,0,0,0,0,3,4,0,0,0,0,0,0,0,0,254,0,0,0,0,0,0,3,1,0,0,2,0,5,7,-1,-1,-1,-1,-1,-1,-1,-1,0,0,0,13,3,0,25
211457,-1,,,,,Twilight Defender's Girdle,1,0,0,0,0,0,0,0,0,0,0,0,0,0,0,0,0,0,0,0,0,0,0,0,0,0,1,0,0,0,2055,10277,1,1,1.03869998455,0,24580,0,0,0,0,0,0,40,0,0,0,0,0,0,0,0,0,0,0,0,0,0,0,0,0,33,-1,0,0,0,0,0,0,0,0,0,0,0,0,128,0,0,0,0,0,0,0,9,7,0,0,0,0,0,0,0,0,254,0,0,0,0,0,0,0,5,0,0,2,0,7,4,-1,-1,-1,-1,-1,-1,-1,-1,0,0,0,6,3,0,25
211460,-1,,,,,Ancient Arctic Buckler,1,0,0,0,0,0,0,0,0,0,0,0,0,0,0,0,0,0,0,0,0,0,0,0,0,0,1,0,0,0,3028,15141,1,1,1.04970002174,0,24580,0,0,0,0,0,0,100,0,0,0,0,0,0,0,0,0,0,0,0,0,0,0,0,0,33,-1,0,0,0,0,0,0,0,0,0,0,0,0,725,0,0,0,5,0,0,0,8,7,0,0,0,0,0,0,0,0,254,0,0,0,0,0,0,4,1,0,0,1,0,6,7,-1,-1,-1,-1,-1,-1,-1,-1,0,0,0,14,3,0,0
211463,-1,,,,,Chittering Beetle Clasps,1,0,0,0,0,0,0,0,0,0,0,0,0,0,0,0,0,0,0,0,0,0,0,0,0,0,1,0,0,0,981,4906,1,1,0.9606000185,0,24580,0,0,0,0,0,0,40,0,0,0,0,0,0,0,0,0,0,0,0,0,0,0,0,0,30,-1,0,0,0,0,0,0,0,0,0,0,0,0,95,0,0,0,0,0,0,0,7,4,0,0,0,0,0,0,0,0,254,0,0,0,0,0,0,0,5,0,0,1,0,7,3,-1,-1,-1,-1,-1,-1,-1,-1,0,0,0,9,3,0,25
211466,-1,,,,,Tender's Heartwood Girdle,1,0,0,0,0,0,0,0,0,0,0,0,0,0,0,0,0,0,0,0,0,0,0,0,0,0,1,0,0,0,650,3252,1,1,0.97159999609,0,24580,0,0,0,0,0,0,30,0,0,0,0,0,0,0,0,0,0,0,0,0,0,0,0,0,30,-1,0,0,0,0,0,0,0,0,0,0,0,0,57,0,0,0,0,0,0,0,8,7,0,0,0,0,0,0,0,0,254,0,0,0,0,0,0,0,8,0,0,1,0,7,6,-1,-1,-1,-1,-1,-1,-1,-1,0,0,0,6,3,0,0
211467,-1,,,,,Band of the Iron Fist,1,0,0,0,0,0,0,0,0,0,0,0,0,0,0,0,0,0,0,0,0,0,0,0,0,0,1,0,0,0,881,3525,1,1,0.97530001402,0,24580,0,0,0,0,0,0,0,0,0,0,0,0,0,0,0,0,0,0,0,0,0,0,0,0,30,-1,0,0,0,0,0,0,0,0,0,0,0,0,0,0,0,0,0,0,0,0,7,4,0,0,0,0,0,0,0,0,254,0,0,0,0,0,0,0,3,0,0,1,0,3,4,-1,-1,-1,-1,-1,-1,-1,-1,0,0,0,11,3,0,0
211504,-1,,,,,Twilight Avenger's Chain,1,0,0,0,0,0,0,0,0,0,0,0,0,0,0,0,0,0,0,0,0,0,0,0,0,0,1,0,0,0,1872,9364,1,1,0.9904999733,0,24580,0,0,0,0,0,0,120,0,0,0,0,0,0,0,0,0,0,1577,0,0,0,0,0,0,30,-1,0,0,0,0,0,0,0,0,0,0,0,0,218,0,0,0,0,0,0,0,9,6,8,0,0,0,0,0,0,0,254,0,0,0,0,0,0,0,5,0,0,1,0,4,3,7,-1,-1,-1,-1,-1,-1,-1,0,0,0,5,3,0,25
211505,-1,,,,,Twilight Avenger's Helm,0,0,0,0,0,0,0,0,0,0,0,0,0,0,0,0,0,0,0,0,0,0,0,0,0,0,1,0,0,0,1727,8639,1,1,0.99419999123,0,24580,0,0,0,0,0,0,70,0,0,0,0,0,0,0,0,0,0,1577,0,0,0,0,0,0,30,-1,0,0,0,0,0,0,0,0,0,0,0,0,176,0,0,0,0,0,0,0,3,9,11,0,0,0,0,0,0,0,254,0,0,0,0,0,0,0,5,0,0,1,0,7,4,3,-1,-1,-1,-1,-1,-1,-1,0,0,0,1,3,0,25
211506,-1,,,,,Twilight Avenger's Boots,1,0,0,0,0,0,0,0,0,0,0,0,0,0,0,0,0,0,0,0,0,0,0,0,0,0,1,0,0,0,3377,16885,1,1,0.99790000916,0,24580,0,0,0,0,0,0,60,0,0,0,0,0,0,0,0,0,0,1577,0,0,0,0,0,0,30,-1,0,0,0,0,0,0,0,0,0,0,0,0,150,0,0,0,0,0,0,0,0,5,10,0,0,0,0,0,0,0,254,0,0,0,0,0,0,0,7,0,0,1,0,-1,7,4,-1,-1,-1,-1,-1,-1,-1,0,0,0,8,3,0,25
211510,-1,,,,,Twilight Slayer's Cowl,1,0,0,0,0,0,0,0,0,0,0,0,0,0,0,0,0,0,0,0,0,0,0,0,0,0,1,0,0,0,3085,15428,1,1,1.01250004768,0,24580,0,0,0,0,0,0,60,0,0,0,0,0,0,0,0,0,0,1578,0,0,0,0,0,0,30,-1,0,0,0,0,0,0,0,0,0,0,0,0,84,0,0,0,0,0,0,0,9,10,0,0,0,0,0,0,0,0,254,0,0,0,0,0,0,0,8,0,0,1,0,7,3,-1,-1,-1,-1,-1,-1,-1,-1,0,0,0,1,3,0,25
211511,-1,,,,,Twilight Slayer's Footpads,1,0,0,0,0,0,0,0,0,0,0,0,0,0,0,0,0,0,0,0,0,0,0,0,0,0,1,0,0,0,1959,9798,1,1,1.0161999464,0,24580,0,0,0,0,0,0,55,0,0,0,0,0,0,0,0,0,0,1578,0,0,0,0,0,0,30,-1,0,0,0,0,0,0,0,0,0,0,0,0,71,0,0,0,0,0,0,0,5,7,7,0,0,0,0,0,0,0,254,0,0,0,0,0,0,0,8,0,0,1,0,4,3,7,-1,-1,-1,-1,-1,-1,-1,0,0,0,8,3,0,25
211789,-1,,,,,Artemis Cowl,1,0,0,0,0,0,0,0,0,0,0,0,0,0,0,0,0,0,0,0,0,0,0,0,0,0,1,0,0,0,3085,15428,1,1,0.9864000082,0,24580,0,0,0,0,0,0,60,0,0,0,0,0,0,0,0,0,0,0,0,0,0,0,0,0,30,-1,0,0,0,0,0,0,0,0,0,0,0,0,84,0,0,0,0,0,0,0,6,7,0,0,0,0,0,0,0,0,254,0,0,0,0,0,0,0,8,0,0,1,0,7,3,-1,-1,-1,-1,-1,-1,-1,-1,0,0,0,1,3,0,25
211843,-1,,,,,Mask of Scorn,1,0,0,0,0,0,0,0,0,0,0,0,0,0,0,0,0,0,0,0,0,0,0,0,0,0,1,0,0,0,3085,15428,1,1,0.9904999733,0,24580,0,0,0,0,0,0,70,0,0,0,0,0,0,0,0,0,0,0,0,0,0,0,0,0,30,-1,0,0,0,0,0,0,0,0,0,0,0,0,177,0,0,0,0,0,0,0,7,9,0,0,0,0,0,0,0,0,254,0,0,0,0,0,0,0,5,0,0,1,0,7,4,-1,-1,-1,-1,-1,-1,-1,-1,0,0,0,1,3,0,25
212582,-1,,,,,Protector's Sword,1,0,0,0,0,0,0,0,0,0,0,0,0,0,0,0,0,0,0,0,0,0,0,0,0,0,1,1,0,0,5492,27462,1,1,1.02030003071,32768,24580,0,0,0,0,0,0,90,0,0,0,0,0,0,0,0,0,0,0,0,0,2700,0,0,0,30,-1,0,0,35,0,0,0,0,67,0,0,0,0,0,0,0,0,0,0,0,0,6,3,0,0,0,0,0,0,0,0,254,0,0,0,0,0,0,3,1,0,0,1,0,4,7,-1,-1,-1,-1,-1,-1,-1,-1,0,0,0,13,3,0,25
212583,-1,,,,,Sentinel's Blade,1,0,0,0,0,0,0,0,0,0,0,0,0,0,0,0,0,0,0,0,0,0,0,0,0,0,1,1,0,0,5382,26402,1,1,1.02390003204,32768,24580,0,0,0,0,0,0,65,0,0,0,0,0,0,0,0,0,0,0,0,0,1700,0,0,0,30,-1,0,0,22,0,0,0,0,43,0,0,0,0,0,0,0,0,0,0,0,0,6,3,0,0,0,0,0,0,0,0,254,0,0,0,0,0,0,3,1,0,0,1,0,3,7,-1,-1,-1,-1,-1,-1,-1,-1,0,0,0,13,3,0,25
213087,-1,,,,,Sergeant's Cloak,1,0,0,0,0,0,0,0,0,0,0,0,0,0,0,0,0,0,0,0,0,0,0,0,0,0,1,1,0,0,805,4029,1,1,0.99419999123,32768,24580,0,0,0,0,0,0,0,0,0,0,0,0,0,0,0,0,0,0,0,0,0,0,0,0,30,-1,0,0,0,0,0,0,0,0,0,0,0,0,24,0,0,0,0,0,0,0,4,4,4,4,4,0,0,0,0,0,254,0,0,0,0,0,0,0,7,0,0,1,0,5,7,6,4,3,-1,-1,-1,-1,-1,0,0,7,16,3,0,25
