ID,DifficultyID,EffectIndex,Effect,EffectAmplitude,EffectAttributes,EffectAura,EffectAuraPeriod,EffectBasePoints,EffectBonusCoefficient,EffectChainAmplitude,EffectChainTargets,EffectDieSides,EffectItemType,EffectMechanic,EffectPointsPerResource,EffectPos_facing,EffectRealPointsPerLevel,EffectTriggerSpell,BonusCoefficientFromAP,PvpMultiplier,Coefficient,Variance,ResourceCoefficient,GroupSizeBasePointsCoefficient,EffectMiscValue[0],EffectMiscValue[1],EffectRadiusIndex[0],EffectRadiusIndex[1],EffectSpellClassMask[0],EffectSpellClassMask[1],EffectSpellClassMask[2],EffectSpellClassMask[3],ImplicitTarget[0],ImplicitTarget[1],SpellID
679206,0,0,6,0,0,138,0,-6,0,1,0,1,0,0,0,0,0,0,0,1,0,0,0,1,0,0,0,0,0,0,0,0,6,0,1139
679591,0,0,6,0,0,12,0,0,0,1,0,1,0,0,0,0,0,0,0,1,0,0,0,1,0,0,0,0,0,0,0,0,6,0,835
679873,0,0,6,0,0,23,3000,0,1,1,0,0,0,0,0,0,0,28757,0,1,0,0,0,1,0,0,0,0,0,0,0,0,1,0,28756
681736,0,0,6,0,0,29,0,13,0,1,0,1,0,0,0,0,0,0,0,1,0,0,0,1,4,0,0,0,0,0,0,0,1,0,9263
683444,0,0,30,0,0,0,0,374,0,1,0,51,0,0,0,0,0,0,0,1,0,0,0,1,0,0,0,0,0,0,0,0,1,0,5405
684252,0,0,6,0,0,31,0,59,0,1,0,1,0,0,0,0,0,0,0,1,0,0,0,1,0,0,0,0,0,0,0,0,1,0,5024
684253,0,1,6,0,0,3,2000,99,0,1,0,401,0,0,0,0,0,0,0,1,0,0,0,1,0,0,0,0,0,0,0,0,1,0,5024
684254,0,2,6,0,0,64,2000,99,0,1,0,401,0,0,0,0,0,0,0,1,0,0,0,1,0,0,0,0,0,0,0,0,1,0,5024
684743,0,0,6,0,0,13,0,5,0,1,0,1,0,0,0,0,0,0,0,1,0,0,0,1,16,0,0,0,0,0,0,0,1,0,7700
684780,0,0,6,0,0,13,0,9,0,1,0,1,0,0,0,0,0,0,0,1,0,0,0,1,4,0,0,0,0,0,0,0,1,0,7689
684822,0,0,6,0,0,13,0,6,0,1,0,1,0,0,0,0,0,0,0,1,0,0,0,1,4,0,0,0,0,0,0,0,1,0,7687
684823,0,0,6,0,0,13,0,8,0,1,0,1,0,0,0,0,0,0,0,1,0,0,0,1,4,0,0,0,0,0,0,0,1,0,7688
684969,0,0,6,0,0,13,0,6,0,1,0,1,0,0,0,0,0,0,0,1,0,0,0,1,8,0,0,0,0,0,0,0,1,0,7694
685013,0,0,6,0,0,56,0,0,0,1,0,0,0,0,0,0,0,0,0,1,0,0,0,1,2237,0,0,0,0,0,0,0,1,0,6298
685014,0,1,6,0,0,18,0,199,0,1,0,1,0,0,0,0,0,0,0,1,0,0,0,1,0,0,0,0,0,0,0,0,1,0,6298
685125,0,0,6,0,0,13,0,-6,0,1,0,1,0,0,0,0,0,0,0,1,0,0,0,1,1,0,0,0,0,0,0,0,6,0,8552
685362,0,0,6,0,0,30,0,2,0,1,0,1,0,0,0,0,0,0,0,1,0,0,0,1,173,0,0,0,0,0,0,0,1,0,7574
685375,0,0,6,0,0,30,0,0,0,1,0,1,0,0,0,0,0,0,0,1,0,0,0,1,173,0,0,0,0,0,0,0,1,0,7534
685407,0,0,6,0,0,30,0,2,0,1,0,1,0,0,0,0,0,0,0,1,0,0,0,1,54,0,0,0,0,0,0,0,1,0,7544
685475,0,0,6,0,0,30,0,6,0,1,0,1,0,0,0,0,0,0,0,1,0,0,0,1,160,0,0,0,0,0,0,0,1,0,7560
685477,0,0,6,0,0,29,0,4,0,1,0,1,0,0,0,0,0,0,0,1,0,0,0,1,2,0,0,0,0,0,0,0,1,0,7503
685485,0,0,6,0,0,30,0,2,0,1,0,1,0,0,0,0,0,0,0,1,0,0,0,1,55,0,0,0,0,0,0,0,1,0,7562
685621,0,0,6,0,0,30,0,2,0,1,0,1,0,0,0,0,0,0,0,1,0,0,0,1,95,0,0,0,0,0,0,0,1,0,7516
685630,0,0,6,0,0,30,0,0,0,1,0,1,0,0,0,0,0,0,0,1,0,0,0,1,95,0,0,0,0,0,0,0,1,0,7513
685631,0,0,6,0,0,30,0,1,0,1,0,1,0,0,0,0,0,0,0,1,0,0,0,1,95,0,0,0,0,0,0,0,1,0,7514
685712,0,0,6,0,0,13,0,8,0,1,0,1,0,0,0,0,0,0,0,1,0,0,0,1,16,0,0,0,0,0,0,0,1,0,7702
685720,0,0,6,0,0,13,0,3,0,1,0,1,0,0,0,0,0,0,0,1,0,0,0,1,32,0,0,0,0,0,0,0,1,0,7706
685730,0,0,6,0,0,13,0,9,0,1,0,1,0,0,0,0,0,0,0,1,0,0,0,1,16,0,0,0,0,0,0,0,1,0,7703
685790,0,0,6,0,0,30,0,3,0,1,0,1,0,0,0,0,0,0,0,1,0,0,0,1,95,0,0,0,0,0,0,0,1,0,7517
685791,0,0,6,0,0,30,0,4,0,1,0,1,0,0,0,0,0,0,0,1,0,0,0,1,95,0,0,0,0,0,0,0,1,0,7518
685807,0,0,6,0,0,13,0,9,0,1,0,1,0,0,0,0,0,0,0,1,0,0,0,1,32,0,0,0,0,0,0,0,1,0,7709
685808,0,0,6,0,0,13,0,8,0,1,0,1,0,0,0,0,0,0,0,1,0,0,0,1,32,0,0,0,0,0,0,0,1,0,7710
685815,0,0,6,0,0,13,0,5,0,1,0,1,0,0,0,0,0,0,0,1,0,0,0,1,4,0,0,0,0,0,0,0,1,0,7686
685822,0,0,6,0,0,52,0,0,0,1,0,1,0,0,0,0,0,0,0,1,0,0,0,1,0,0,0,0,0,0,0,0,1,0,7597
685837,0,0,6,0,0,42,0,-1,0,1,0,1,0,0,0,0,0,16784,0,1,0,0,0,1,0,0,0,0,0,0,0,0,1,0,7619
685851,0,0,6,0,0,13,0,5,0,1,0,1,0,0,0,0,0,0,0,1,0,0,0,1,32,0,0,0,0,0,0,0,1,0,7707
685852,0,0,6,0,0,13,0,6,0,1,0,1,0,0,0,0,0,0,0,1,0,0,0,1,32,0,0,0,0,0,0,0,1,0,7708
685893,0,0,6,0,0,13,0,9,0,1,0,1,0,0,0,0,0,0,0,1,0,0,0,1,8,0,0,0,0,0,0,0,1,0,7696
685910,0,0,6,0,0,52,0,1,0,1,0,1,0,0,0,0,0,0,0,1,0,0,0,1,0,0,0,0,0,0,0,0,1,0,7598
685931,0,0,6,0,0,135,0,8,0,1,0,1,0,0,0,0,0,0,0,1,0,0,0,1,126,0,0,0,0,0,0,0,1,0,7678
685947,0,0,6,0,0,29,0,4,0,1,0,1,0,0,0,0,0,0,0,1,0,0,0,1,3,0,0,0,0,0,0,0,1,0,7495
685948,0,0,6,0,0,29,0,5,0,1,0,1,0,0,0,0,0,0,0,1,0,0,0,1,3,0,0,0,0,0,0,0,1,0,7496
686027,0,0,6,0,0,135,0,10,0,1,0,1,0,0,0,0,0,0,0,1,0,0,0,1,126,0,0,0,0,0,0,0,1,0,7679
686028,0,0,6,0,0,135,0,12,0,1,0,1,0,0,0,0,0,0,0,1,0,0,0,1,126,0,0,0,0,0,0,0,1,0,7680
686043,0,0,6,0,0,13,0,3,0,1,0,1,0,0,0,0,0,0,0,1,0,0,0,1,4,0,0,0,0,0,0,0,1,0,7685
686179,0,0,6,0,0,22,0,-51,0,1,0,1,0,0,0,0,0,0,0,1,0,0,0,1,1,0,0,0,0,0,0,0,6,0,9176
686330,0,0,6,0,0,135,0,14,0,1,0,1,0,0,0,0,0,0,0,1,0,0,0,1,126,0,0,0,0,0,0,0,1,0,7681
686394,0,0,6,0,0,135,0,32,0,1,0,1,0,0,0,0,0,0,0,1,0,0,0,1,126,0,0,0,0,0,0,0,1,0,9318
686574,0,0,6,0,0,42,0,-1,0,1,0,1,0,0,0,0,0,16783,0,1,0,0,0,1,0,0,0,0,0,0,0,0,1,0,7617
686599,0,0,6,0,0,30,0,2,0,1,0,1,0,0,0,0,0,0,0,1,0,0,0,1,160,0,0,0,0,0,0,0,1,0,7556
686664,0,0,6,0,0,3,2000,3,0,1,0,1,0,0,0,0,0,0,0,1,0,0,0,1,0,0,0,0,0,0,0,0,6,0,8313
686812,0,0,6,0,0,30,0,1,0,1,0,1,0,0,0,0,0,0,0,1,0,0,0,1,172,0,0,0,0,0,0,0,1,0,7552
686857,0,0,6,0,0,30,0,2,0,1,0,1,0,0,0,0,0,0,0,1,0,0,0,1,95,0,0,0,0,0,0,0,1,0,7515
686888,0,0,6,0,0,135,0,19,0,1,0,1,0,0,0,0,0,0,0,1,0,0,0,1,126,0,0,0,0,0,0,0,1,0,9407
686889,0,0,6,0,0,135,0,21,0,1,0,1,0,0,0,0,0,0,0,1,0,0,0,1,126,0,0,0,0,0,0,0,1,0,9408
686891,0,0,6,0,0,99,0,17,0,1,0,1,0,0,0,0,0,0,0,1,0,0,0,1,0,0,0,0,0,0,0,0,1,0,9330
686892,0,1,6,0,0,124,0,17,0,1,0,1,0,0,0,0,0,0,0,1,0,0,0,1,0,0,0,0,0,0,0,0,1,0,9330
686893,0,0,6,0,0,99,0,19,0,1,0,1,0,0,0,0,0,0,0,1,0,0,0,1,0,0,0,0,0,0,0,0,1,0,9331
686894,0,1,6,0,0,124,0,19,0,1,0,1,0,0,0,0,0,0,0,1,0,0,0,1,0,0,0,0,0,0,0,0,1,0,9331
686957,0,0,6,0,0,99,0,5,0,1,0,1,0,0,0,0,0,0,0,1,0,0,0,1,0,0,0,0,0,0,0,0,1,0,9138
686958,0,1,6,0,0,124,0,5,0,1,0,1,0,0,0,0,0,0,0,1,0,0,0,1,0,0,0,0,0,0,0,0,1,0,9138
686959,0,0,6,0,0,99,0,13,0,1,0,1,0,0,0,0,0,0,0,1,0,0,0,1,0,0,0,0,0,0,0,0,1,0,9142
686960,0,1,6,0,0,124,0,13,0,1,0,1,0,0,0,0,0,0,0,1,0,0,0,1,0,0,0,0,0,0,0,0,1,0,9142
686970,0,0,6,0,0,22,0,9,0,1,0,1,0,0,0,0,0,0,0,1,0,0,0,1,1,0,0,0,0,0,0,0,1,0,9760
686971,0,0,6,0,0,22,0,19,0,1,0,1,0,0,0,0,0,0,0,1,0,0,0,1,1,0,0,0,0,0,0,0,1,0,9761
686986,0,0,6,0,0,13,0,6,0,1,0,1,0,0,0,0,0,0,0,1,0,0,0,1,126,0,0,0,0,0,0,0,1,0,9397
686987,0,1,6,0,0,135,0,6,1,1,0,1,0,0,0,0,0,0,0,1,0,0,0,1,126,0,0,0,0,0,0,0,1,0,9397
686990,0,0,6,0,0,13,0,15,0,1,0,1,0,0,0,0,0,0,0,1,0,0,0,1,4,0,0,0,0,0,0,0,1,0,9294
687000,0,0,6,0,0,13,0,10,0,1,0,1,0,0,0,0,0,0,0,1,0,0,0,1,32,0,0,0,0,0,0,0,1,0,9412
687046,0,0,6,0,0,30,0,2,0,1,0,1,0,0,0,0,0,0,0,1,0,0,0,1,172,0,0,0,0,0,0,0,1,0,7550
687047,0,0,6,0,0,29,0,9,0,1,0,1,0,0,0,0,0,0,0,1,0,0,0,1,3,0,0,0,0,0,0,0,1,0,9106
687122,0,0,6,0,0,13,0,18,0,1,0,1,0,0,0,0,0,0,0,1,0,0,0,1,4,0,0,0,0,0,0,0,1,0,9296
687131,0,0,6,0,0,13,0,3,0,1,0,1,0,0,0,0,0,0,0,1,0,0,0,1,126,0,0,0,0,0,0,0,1,0,9394
687132,0,1,6,0,0,135,0,3,1,1,0,1,0,0,0,0,0,0,0,1,0,0,0,1,126,0,0,0,0,0,0,0,1,0,9394
687133,0,0,6,0,0,13,0,4,0,1,0,1,0,0,0,0,0,0,0,1,0,0,0,1,126,0,0,0,0,0,0,0,1,0,9395
687134,0,1,6,0,0,135,0,4,1,1,0,1,0,0,0,0,0,0,0,1,0,0,0,1,126,0,0,0,0,0,0,0,1,0,9395
687167,0,0,6,0,0,13,0,13,0,1,0,1,0,0,0,0,0,0,0,1,0,0,0,1,4,0,0,0,0,0,0,0,1,0,9401
687213,0,0,6,0,0,13,0,13,0,1,0,1,0,0,0,0,0,0,0,1,0,0,0,1,32,0,0,0,0,0,0,0,1,0,9414
687215,0,0,6,0,0,30,0,4,0,1,0,1,0,0,0,0,0,0,0,1,0,0,0,1,182,0,0,0,0,0,0,0,1,0,9134
687232,0,0,6,0,0,13,0,11,0,1,0,1,0,0,0,0,0,0,0,1,0,0,0,1,126,0,0,0,0,0,0,0,1,0,9417
687233,0,1,6,0,0,135,0,11,1,1,0,1,0,0,0,0,0,0,0,1,0,0,0,1,126,0,0,0,0,0,0,0,1,0,9417
687247,0,0,6,0,0,13,0,16,0,1,0,1,0,0,0,0,0,0,0,1,0,0,0,1,8,0,0,0,0,0,0,0,1,0,9358
687300,0,0,6,0,0,42,0,0,0,1,0,0,0,0,0,0,0,9057,0,1,0,0,0,1,0,0,0,0,0,0,0,0,1,0,9233
687320,0,0,30,0,0,0,0,399,0,1,0,801,0,0,0,0,0,0,0,1,0,0,0,1,0,0,0,0,0,0,0,0,1,0,9253
687348,0,0,6,0,0,99,0,9,0,1,0,1,0,0,0,0,0,0,0,1,0,0,0,1,0,0,0,0,0,0,0,0,1,0,9140
687349,0,1,6,0,0,124,0,9,0,1,0,1,0,0,0,0,0,0,0,1,0,0,0,1,0,0,0,0,0,0,0,0,1,0,9140
687403,0,0,6,0,0,135,0,25,0,1,0,1,0,0,0,0,0,0,0,1,0,0,0,1,126,0,0,0,0,0,0,0,1,0,9315
687466,0,0,6,0,0,99,0,7,0,1,0,1,0,0,0,0,0,0,0,1,0,0,0,1,0,0,0,0,0,0,0,0,1,0,9139
687467,0,1,6,0,0,124,0,7,0,1,0,1,0,0,0,0,0,0,0,1,0,0,0,1,0,0,0,0,0,0,0,0,1,0,9139
687495,0,0,6,0,0,13,0,10,0,1,0,1,0,0,0,0,0,0,0,1,0,0,0,1,16,0,0,0,0,0,0,0,1,0,9402
687503,0,0,6,0,0,99,0,11,0,1,0,1,0,0,0,0,0,0,0,1,0,0,0,1,0,0,0,0,0,0,0,0,1,0,9141
687504,0,1,6,0,0,124,0,11,0,1,0,1,0,0,0,0,0,0,0,1,0,0,0,1,0,0,0,0,0,0,0,0,1,0,9141
687533,0,0,6,0,0,13,0,15,0,1,0,1,0,0,0,0,0,0,0,1,0,0,0,1,8,0,0,0,0,0,0,0,1,0,9357
687567,0,0,6,0,0,135,0,23,0,1,0,1,0,0,0,0,0,0,0,1,0,0,0,1,126,0,0,0,0,0,0,0,1,0,9314
687653,0,0,6,0,0,23,3000,-1,0,1,0,1,0,0,0,0,0,9633,0,1,0,0,0,1,0,0,0,0,0,0,0,0,1,0,9632
687654,0,1,6,0,0,26,0,0,0,1,0,1,0,0,0,0,0,0,0,1,0,0,0,1,0,0,0,0,0,0,0,0,1,0,9632
687661,0,0,6,0,0,30,0,4,0,1,0,1,0,0,0,0,0,0,0,1,0,0,0,1,633,0,0,0,0,0,0,0,1,0,9133
687690,0,0,6,0,0,42,0,0,0,1,0,0,0,0,0,0,0,9159,0,1,0,0,0,1,0,0,0,0,0,0,0,0,1,0,9160
687700,0,0,6,0,0,13,0,5,0,1,0,1,0,0,0,0,0,0,0,1,0,0,0,1,126,0,0,0,0,0,0,0,1,0,9396
687701,0,1,6,0,0,135,0,5,1,1,0,1,0,0,0,0,0,0,0,1,0,0,0,1,126,0,0,0,0,0,0,0,1,0,9396
687729,0,0,2,0,0,0,0,3,0,1,0,1,0,0,0,0,0,0,0,1,0,0,0,1,0,0,0,0,0,0,0,0,6,0,13491
687730,0,1,68,0,0,0,0,0,0,1,0,0,0,26,0,0,0,0,0,1,0,0,0,1,0,0,0,0,0,0,0,0,6,0,13491
687732,0,0,6,0,0,13,0,14,0,1,0,1,0,0,0,0,0,0,0,1,0,0,0,1,126,0,0,0,0,0,0,0,1,0,9344
687733,0,1,6,0,0,135,0,14,1,1,0,1,0,0,0,0,0,0,0,1,0,0,0,1,126,0,0,0,0,0,0,0,1,0,9344
687734,0,0,6,0,0,13,0,15,0,1,0,1,0,0,0,0,0,0,0,1,0,0,0,1,126,0,0,0,0,0,0,0,1,0,9345
687735,0,1,6,0,0,135,0,15,1,1,0,1,0,0,0,0,0,0,0,1,0,0,0,1,126,0,0,0,0,0,0,0,1,0,9345
687750,0,0,6,0,0,135,0,17,0,1,0,1,0,0,0,0,0,0,0,1,0,0,0,1,126,0,0,0,0,0,0,0,1,0,9406
687751,0,0,6,0,0,13,0,8,0,1,0,1,0,0,0,0,0,0,0,1,0,0,0,1,126,0,0,0,0,0,0,0,1,0,9415
687752,0,1,6,0,0,135,0,8,1,1,0,1,0,0,0,0,0,0,0,1,0,0,0,1,126,0,0,0,0,0,0,0,1,0,9415
687763,0,0,6,0,0,13,0,17,0,1,0,1,0,0,0,0,0,0,0,1,0,0,0,1,126,0,0,0,0,0,0,0,1,0,9346
687764,0,1,6,0,0,135,0,17,1,1,0,1,0,0,0,0,0,0,0,1,0,0,0,1,126,0,0,0,0,0,0,0,1,0,9346
687779,0,0,2,0,0,0,0,249,0,1,0,101,0,0,0,0,0,0,0,1,0,0,0,1,0,0,0,0,0,0,0,0,6,0,10373
687818,0,0,6,0,0,13,0,12,0,1,0,1,0,0,0,0,0,0,0,1,0,0,0,1,126,0,0,0,0,0,0,0,1,0,9342
687819,0,1,6,0,0,135,0,12,1,1,0,1,0,0,0,0,0,0,0,1,0,0,0,1,126,0,0,0,0,0,0,0,1,0,9342
687842,0,0,6,0,0,52,0,0,0,1,0,1,0,0,0,0,0,0,0,1,0,0,0,1,0,0,0,0,0,0,0,0,1,0,9132
687992,0,0,10,1,0,0,0,224,0,1,0,151,0,0,0,0,0,0,0,1,0,0,0,1,0,0,0,0,0,0,0,0,1,0,9163
688079,0,0,6,0,0,13,0,18,0,1,0,1,0,0,0,0,0,0,0,1,0,0,0,1,8,0,0,0,0,0,0,0,1,0,9359
688100,0,0,6,0,0,31,0,39,0,1,0,1,0,0,0,0,0,0,0,1,0,0,0,1,0,0,0,0,0,0,0,0,1,0,9175
688132,0,0,6,0,0,69,0,309,0,1,0,69,0,0,0,0,0,0,0,1,0,0,0,1,1,0,0,0,0,0,0,0,1,0,25747
688158,0,0,30,0,0,0,0,79,0,1,0,161,0,0,0,0,0,0,0,1,0,0,0,1,0,0,0,0,0,0,0,0,1,0,9252
688177,0,0,30,0,0,0,0,299,0,1,0,1,0,0,0,0,0,0,0,1,0,0,0,1,1,0,0,0,0,0,0,0,1,0,9174
688213,0,0,6,0,0,13,0,7,0,1,0,1,0,0,0,0,0,0,0,1,0,0,0,1,126,0,0,0,0,0,0,0,1,0,9398
688214,0,1,6,0,0,135,0,7,1,1,0,1,0,0,0,0,0,0,0,1,0,0,0,1,126,0,0,0,0,0,0,0,1,0,9398
688248,0,0,6,0,0,13,0,12,0,1,0,1,0,0,0,0,0,0,0,1,0,0,0,1,4,0,0,0,0,0,0,0,1,0,9400
688271,0,0,6,0,0,99,0,21,0,1,0,1,0,0,0,0,0,0,0,1,0,0,0,1,0,0,0,0,0,0,0,0,1,0,9332
688272,0,1,6,0,0,124,0,21,0,1,0,1,0,0,0,0,0,0,0,1,0,0,0,1,0,0,0,0,0,0,0,0,1,0,9332
688275,0,0,6,0,0,99,0,25,0,1,0,1,0,0,0,0,0,0,0,1,0,0,0,1,0,0,0,0,0,0,0,0,1,0,9334
688276,0,1,6,0,0,124,0,25,0,1,0,1,0,0,0,0,0,0,0,1,0,0,0,1,0,0,0,0,0,0,0,0,1,0,9334
688277,0,0,6,0,0,99,0,27,0,1,0,1,0,0,0,0,0,0,0,1,0,0,0,1,0,0,0,0,0,0,0,0,1,0,9335
688278,0,1,6,0,0,124,0,27,0,1,0,1,0,0,0,0,0,0,0,1,0,0,0,1,0,0,0,0,0,0,0,0,1,0,9335
688318,0,0,6,0,0,13,0,20,0,1,0,1,0,0,0,0,0,0,0,1,0,0,0,1,32,0,0,0,0,0,0,0,1,0,9328
688332,0,0,6,0,0,13,0,15,0,1,0,1,0,0,0,0,0,0,0,1,0,0,0,1,16,0,0,0,0,0,0,0,1,0,9304
688347,0,0,6,0,0,13,0,13,0,1,0,1,0,0,0,0,0,0,0,1,0,0,0,1,126,0,0,0,0,0,0,0,1,0,9343
688348,0,1,6,0,0,135,0,13,1,1,0,1,0,0,0,0,0,0,0,1,0,0,0,1,126,0,0,0,0,0,0,0,1,0,9343
688407,0,0,6,0,0,99,0,29,0,1,0,1,0,0,0,0,0,0,0,1,0,0,0,1,0,0,0,0,0,0,0,0,1,0,9336
688408,0,1,6,0,0,124,0,29,0,1,0,1,0,0,0,0,0,0,0,1,0,0,0,1,0,0,0,0,0,0,0,0,1,0,9336
688414,0,0,6,0,0,99,0,15,0,1,0,1,0,0,0,0,0,0,0,1,0,0,0,1,0,0,0,0,0,0,0,0,1,0,9329
688415,0,1,6,0,0,124,0,15,0,1,0,1,0,0,0,0,0,0,0,1,0,0,0,1,0,0,0,0,0,0,0,0,1,0,9329
688438,0,0,6,0,0,30,0,32,0,1,0,1,0,0,0,0,0,0,0,1,0,0,0,1,95,0,0,0,0,0,0,0,1,0,10351
688452,0,0,6,0,0,13,0,13,0,1,0,1,0,0,0,0,0,0,0,1,0,0,0,1,8,0,0,0,0,0,0,0,1,0,9411
688461,0,0,6,0,0,22,0,49,0,1,0,1,0,0,0,0,0,0,0,1,0,0,0,1,1,0,0,0,0,0,0,0,1,0,9764
688470,0,0,6,0,0,13,0,16,0,1,0,1,0,0,0,0,0,0,0,1,0,0,0,1,32,0,0,0,0,0,0,0,1,0,9325
688471,0,0,6,0,0,13,0,18,0,1,0,1,0,0,0,0,0,0,0,1,0,0,0,1,32,0,0,0,0,0,0,0,1,0,9326
688728,0,0,6,0,0,13,0,10,0,1,0,1,0,0,0,0,0,0,0,1,0,0,0,1,126,0,0,0,0,0,0,0,1,0,9416
688729,0,1,6,0,0,135,0,10,1,1,0,1,0,0,0,0,0,0,0,1,0,0,0,1,126,0,0,0,0,0,0,0,1,0,9416
689100,0,0,6,0,0,67,0,0,0,1,0,0,0,0,0,0,0,0,0,1,0,0,0,1,0,0,0,0,0,0,0,0,6,0,11879
689369,0,0,6,0,0,30,0,4,0,1,0,1,0,0,0,0,0,0,0,1,0,0,0,1,186,0,0,0,0,0,0,0,1,0,12560
689453,0,0,6,0,0,82,0,-1,0,1,0,1,0,0,0,0,0,0,0,1,0,0,0,1,0,0,0,0,0,0,0,0,1,0,11789
690151,0,0,6,0,0,29,0,-3,0,1,0,1,0,0,0,0,0,0,0,1,0,0,0,1,-1,0,0,0,0,0,0,0,6,0,13524
690192,0,0,2,0,0,0,0,79,0,1,0,21,0,0,0,0,0,0,0,1,0,0,0,1,0,0,0,0,0,0,0,0,6,0,13527
690193,0,0,6,0,0,29,0,-11,0,1,0,1,0,0,0,0,0,0,0,1,0,0,0,1,0,0,0,0,0,0,0,0,6,0,13528
690200,0,0,6,0,0,3,3000,6,0,1,0,1,0,0,0,0,0,0,0,1,0,0,0,1,0,0,0,0,0,0,0,0,6,0,13526
690201,0,1,6,0,0,22,0,-51,0,1,0,1,0,0,0,0,0,0,0,1,0,0,0,1,1,0,0,0,0,0,0,0,6,0,13526
690236,0,0,6,1,0,138,0,49,0,1,0,1,0,0,0,0,0,0,0,1,0,0,0,1,0,0,0,0,0,0,0,0,1,0,13494
690342,0,0,6,0,0,105,0,0,0,1,0,1,0,0,0,0,0,0,0,1,0,0,0,1,0,0,0,0,0,0,0,0,1,0,12438
690420,0,0,2,1,0,0,0,59,0,1,0,31,0,0,0,0,0,0,0,1,0,0,0,1,0,0,0,0,0,0,0,0,6,0,13480
690422,0,0,2,0,0,0,0,9,0,1,0,11,0,0,0,0,0,0,0,1,0,0,0,1,0,0,0,0,0,0,0,0,6,0,13482
690457,0,0,6,0,0,23,1000,0,0,1,0,1,0,0,0,0,0,12278,0,1,0,0,0,1,0,0,0,0,0,0,0,0,1,0,12257
690458,0,1,64,0,0,0,0,0,0,1,0,0,0,0,0,0,0,11009,0,1,0,0,0,1,0,0,0,0,0,0,0,0,1,0,12257
690468,0,0,2,0,0,0,0,39,0,1,0,1,0,0,0,0,0,0,0,1,0,0,0,1,0,0,0,0,0,0,0,0,6,0,13438
690469,0,1,6,0,0,3,2000,2,0,1,0,1,0,0,0,0,0,0,0,1,0,0,0,1,0,0,0,0,0,0,0,0,6,0,13438
690492,0,0,6,0,0,3,5000,4,0,1,0,1,0,0,0,0,0,0,0,1,0,0,0,1,0,0,14,0,0,0,0,0,22,15,11790
690546,0,0,6,0,0,69,0,499,0,1,0,1,0,0,0,0,0,0,0,1,0,0,0,1,127,0,0,0,0,0,0,0,1,0,13234
690593,0,0,6,0,0,71,0,1,0,1,0,1,0,0,0,0,0,0,0,1,0,0,0,1,2,0,0,0,0,0,0,0,1,0,21092
690685,0,0,6,0,0,13,0,13,0,1,0,1,0,0,0,0,0,0,0,1,0,0,0,1,64,0,0,0,0,0,0,0,1,0,13599
690706,0,0,6,0,0,13,0,15,0,1,0,1,0,0,0,0,0,0,0,1,0,0,0,1,64,0,0,0,0,0,0,0,1,0,13601
690708,0,0,6,0,0,13,0,18,0,1,0,1,0,0,0,0,0,0,0,1,0,0,0,1,64,0,0,0,0,0,0,0,1,0,13603
690785,0,0,6,0,0,3,3000,9,0,1,0,1,0,0,0,0,0,0,0,1,0,0,0,1,0,0,0,0,0,0,0,0,6,0,13318
690792,0,0,6,0,0,22,0,-101,0,1,0,1,0,0,0,0,0,0,0,1,0,0,0,1,1,0,0,0,0,0,0,0,6,0,11791
690802,0,0,6,0,0,69,0,247,0,1,0,55,0,0,0,0,0,0,0,1,0,0,0,1,1,0,0,0,0,0,0,0,1,0,25750
690860,0,0,6,0,0,13,0,18,0,1,0,1,0,0,0,0,0,0,0,1,0,0,0,1,126,0,0,0,0,0,0,0,1,0,14254
690861,0,1,6,0,0,135,0,18,1,1,0,1,0,0,0,0,0,0,0,1,0,0,0,1,126,0,0,0,0,0,0,0,1,0,14254
690878,0,0,38,0,0,0,0,0,0,1,0,1,0,0,0,0,0,0,0,1,0,0,0,1,3,0,0,0,0,0,0,0,21,0,14134
690879,0,1,38,0,0,0,0,0,0,1,0,1,0,0,0,0,0,0,0,1,0,0,0,1,4,0,0,0,0,0,0,0,21,0,14134
690896,0,0,6,0,0,30,0,6,0,1,0,1,0,0,0,0,0,0,0,1,0,0,0,1,95,0,0,0,0,0,0,0,1,0,13385
690968,0,0,6,0,0,3,1000,14,0,1,0,1,0,0,0,0,0,0,0,1,0,0,0,1,0,0,0,0,0,0,0,0,6,0,13530
690996,0,0,2,1,0,0,0,29,0,1,0,1,0,0,0,0,0,0,0,1,0,0,0,1,0,0,0,0,0,0,0,0,6,0,13440
691018,0,0,2,0,0,0,0,34,0,1,0,1,0,0,0,0,0,0,0,1,0,0,0,1,0,0,0,0,0,0,0,0,6,0,13442
691019,0,0,6,0,0,42,0,-1,0,1,0,1,0,0,0,0,0,16782,0,1,0,0,0,1,0,0,0,0,0,0,0,0,1,0,13959
691098,0,0,6,0,0,49,0,0,0,1,0,1,0,0,0,0,0,0,0,1,0,0,0,1,0,0,0,0,0,0,0,0,1,0,13669
691105,0,0,6,0,0,99,0,23,0,1,0,1,0,0,0,0,0,0,0,1,0,0,0,1,0,0,0,0,0,0,0,0,1,0,14027
691106,0,1,6,0,0,124,0,23,0,1,0,1,0,0,0,0,0,0,0,1,0,0,0,1,0,0,0,0,0,0,0,0,1,0,14027
691140,0,0,6,0,0,14,0,-26,0,1,0,1,0,0,0,0,0,0,0,1,0,0,0,1,4,0,0,0,0,0,0,0,1,0,13744
691141,0,1,6,0,0,22,0,49,0,1,0,1,0,0,0,0,0,0,0,1,0,0,0,1,4,0,0,0,0,0,0,0,1,0,13744
691147,0,0,6,0,0,22,0,-101,0,1,0,1,0,0,0,0,0,0,0,1,0,0,0,1,1,0,0,0,0,0,0,0,6,0,13752
691148,0,1,6,0,0,41,0,0,0,1,0,0,0,0,0,0,0,0,0,1,0,0,0,1,6,0,0,0,0,0,0,0,6,0,13752
691149,0,2,6,0,0,41,0,0,0,1,0,0,0,0,0,0,0,0,0,1,0,0,0,1,5,0,0,0,0,0,0,0,6,0,13752
691168,0,0,6,0,0,30,0,5,0,1,0,1,0,0,0,0,0,0,0,1,0,0,0,1,95,0,0,0,0,0,0,0,1,0,13384
691215,0,0,6,1,0,138,0,29,0,1,0,1,0,0,0,0,0,0,0,1,0,0,0,1,0,0,0,0,0,0,0,0,1,0,13533
691228,0,0,2,0,0,0,0,34,0,1,0,1,0,0,0,0,0,0,0,1,0,0,0,1,0,0,0,0,0,0,0,0,6,0,14119
691264,0,0,6,0,0,22,0,199,0,1,0,1,0,0,0,0,0,0,0,1,0,0,0,1,1,0,0,0,0,0,0,0,1,0,14803
691287,0,0,2,1,0,0,0,34,0,1,0,11,0,0,0,0,0,0,0,1,0,0,0,1,0,0,0,0,0,0,0,0,6,0,14106
691316,0,0,6,0,0,29,0,19,0,1,0,1,0,0,0,0,0,0,0,1,0,0,0,1,1,0,0,0,0,0,0,0,1,0,14384
691373,0,0,6,0,0,47,0,0,0,1,0,1,0,0,0,0,0,0,0,1,0,0,0,1,0,0,0,0,0,0,0,0,1,0,13665
691415,0,0,6,0,0,13,0,20,0,1,0,1,0,0,0,0,0,0,0,1,0,0,0,1,126,0,0,0,0,0,0,0,1,0,14248
691416,0,1,6,0,0,135,0,20,1,1,0,1,0,0,0,0,0,0,0,1,0,0,0,1,126,0,0,0,0,0,0,0,1,0,14248
691423,0,0,6,0,0,13,0,8,0,1,0,1,0,0,0,0,0,0,0,1,0,0,0,1,64,0,0,0,0,0,0,0,1,0,13595
691436,0,0,6,0,0,30,0,8,0,1,0,1,0,0,0,0,0,0,0,1,0,0,0,1,95,0,0,0,0,0,0,0,1,0,13388
691456,0,0,6,0,0,130,0,2,0,1,0,1,0,0,0,0,0,0,0,1,0,0,0,1,0,0,0,0,0,0,0,0,1,0,13587
691564,0,0,6,0,0,99,0,-31,0,1,0,1,0,0,0,0,0,0,0,1,0,0,0,1,0,0,0,0,0,0,0,0,6,0,13490
691572,0,0,6,0,0,3,3000,4,0,1,0,1,0,0,0,0,0,0,0,1,0,0,0,1,0,0,0,0,0,0,0,0,6,0,13518
691584,0,0,6,0,0,30,0,9,0,1,0,1,0,0,0,0,0,0,0,1,0,0,0,1,95,0,0,0,0,0,0,0,1,0,13390
691597,0,0,6,0,0,33,0,-51,0,1,0,1,0,11,0,0,0,0,0,1,0,0,0,1,0,0,0,0,0,0,0,0,6,0,13439
691598,0,1,2,0,0,0,0,19,0,1,0,11,0,0,0,0,0,0,0,1,0,0,0,1,0,0,0,0,0,0,0,0,6,0,13439
691600,0,0,6,0,0,31,0,39,0,1,0,1,0,0,0,0,0,0,0,1,0,0,0,1,0,0,0,0,0,0,0,0,1,0,14530
691662,0,0,6,0,0,29,0,17,0,1,0,1,0,0,0,0,0,0,0,1,0,0,0,1,2,0,0,0,0,0,0,0,1,0,14465
691807,0,0,6,0,0,99,0,39,0,1,0,1,0,0,0,0,0,0,0,1,0,0,0,1,0,0,0,0,0,0,0,0,1,0,14049
691808,0,1,6,0,0,124,0,39,0,1,0,1,0,0,0,0,0,0,0,1,0,0,0,1,0,0,0,0,0,0,0,0,1,0,14049
691890,0,0,10,1,0,0,0,134,0,1,0,31,0,0,0,0,0,0,0,1,0,0,0,1,0,0,0,0,0,0,0,0,21,0,14053
691908,0,0,6,0,0,102,0,29,0,1,0,1,0,0,0,0,0,0,0,1,0,0,0,1,1,0,0,0,0,0,0,0,1,0,14565
691909,0,1,6,0,0,131,0,29,1,1,0,1,0,0,0,0,0,0,0,1,0,0,0,1,1,0,0,0,0,0,0,0,1,0,14565
691922,0,0,6,0,0,22,0,4,0,1,0,1,0,0,0,0,0,0,0,1,0,0,0,1,32,0,0,0,0,0,0,0,1,0,14668
691938,0,0,6,0,0,22,0,4,0,1,0,1,0,0,0,0,0,0,0,1,0,0,0,1,64,0,0,0,0,0,0,0,1,0,14707
691945,0,0,2,0,0,0,0,129,0,1,0,1,0,0,0,0,0,0,0,1,0,0,0,1,0,0,0,0,0,0,0,0,6,0,14126
691957,0,0,6,0,0,13,0,22,0,1,0,1,0,0,0,0,0,0,0,1,0,0,0,1,126,0,0,0,0,0,0,0,1,0,14047
691958,0,1,6,0,0,135,0,22,1,1,0,1,0,0,0,0,0,0,0,1,0,0,0,1,126,0,0,0,0,0,0,0,1,0,14047
691981,0,0,6,0,0,22,0,9,0,1,0,1,0,0,0,0,0,0,0,1,0,0,0,1,4,0,0,0,0,0,0,0,1,0,14590
691990,0,0,6,0,0,13,0,27,0,1,0,1,0,0,0,0,0,0,0,1,0,0,0,1,126,0,0,0,0,0,0,0,1,0,14127
691991,0,1,6,0,0,135,0,27,1,1,0,1,0,0,0,0,0,0,0,1,0,0,0,1,126,0,0,0,0,0,0,0,1,0,14127
692115,0,0,6,0,0,13,0,19,0,1,0,1,0,0,0,0,0,0,0,1,0,0,0,1,126,0,0,0,0,0,0,0,1,0,14799
692116,0,1,6,0,0,135,0,19,1,1,0,1,0,0,0,0,0,0,0,1,0,0,0,1,126,0,0,0,0,0,0,0,1,0,14799
692148,0,0,6,0,0,51,0,0,0,1,0,1,0,0,0,0,0,0,0,1,0,0,0,1,0,0,0,0,0,0,0,0,1,0,13674
692149,0,0,6,0,0,51,0,1,0,1,0,1,0,0,0,0,0,0,0,1,0,0,0,1,0,0,0,0,0,0,0,0,1,0,13675
692150,0,0,6,0,0,23,2000,-1,0,1,0,1,0,0,0,0,0,3137,0,1,0,0,0,1,0,0,0,0,0,0,0,0,21,0,14253
692151,0,1,38,0,0,0,0,0,0,1,0,1,0,0,0,0,0,0,0,1,0,0,0,1,4,0,0,0,0,0,0,0,21,0,14253
692170,0,0,6,0,0,99,0,49,0,1,0,1,0,0,0,0,0,0,0,1,0,0,0,1,0,0,0,0,0,0,0,0,1,0,14056
692171,0,1,6,0,0,124,0,49,0,1,0,1,0,0,0,0,0,0,0,1,0,0,0,1,0,0,0,0,0,0,0,0,1,0,14056
692258,0,0,6,0,0,29,0,19,0,1,0,1,0,0,0,0,0,0,0,1,0,0,0,1,2,0,0,0,0,0,0,0,1,0,14467
692324,0,0,6,0,0,29,0,14,0,1,0,1,0,0,0,0,0,0,0,1,0,0,0,1,2,0,0,0,0,0,0,0,1,0,14462
692533,0,0,6,0,0,54,0,0,0,1,0,1,0,0,0,0,0,0,0,1,0,0,0,1,0,0,0,0,0,0,0,0,1,0,15464
692560,0,0,6,0,0,49,0,1,0,1,0,1,0,0,0,0,0,0,0,1,0,0,0,1,0,0,0,0,0,0,0,0,1,0,13670
692855,0,0,6,0,0,22,0,149,0,1,0,1,0,0,0,0,0,0,0,1,0,0,0,1,1,0,0,0,0,0,0,0,1,0,15693
692859,0,0,6,0,0,99,0,37,0,1,0,1,0,0,0,0,0,0,0,1,0,0,0,1,0,0,0,0,0,0,0,0,1,0,15808
692860,0,1,6,0,0,124,0,37,0,1,0,1,0,0,0,0,0,0,0,1,0,0,0,1,0,0,0,0,0,0,0,0,1,0,15808
692861,0,0,6,0,0,99,0,33,0,1,0,1,0,0,0,0,0,0,0,1,0,0,0,1,0,0,0,0,0,0,0,0,1,0,15806
692862,0,1,6,0,0,124,0,33,0,1,0,1,0,0,0,0,0,0,0,1,0,0,0,1,0,0,0,0,0,0,0,0,1,0,15806
692926,0,0,6,0,0,99,0,31,0,1,0,1,0,0,0,0,0,0,0,1,0,0,0,1,0,0,0,0,0,0,0,0,1,0,15807
692927,0,1,6,0,0,124,0,31,0,1,0,1,0,0,0,0,0,0,0,1,0,0,0,1,0,0,0,0,0,0,0,0,1,0,15807
692950,0,0,6,0,0,22,0,9,0,1,0,1,0,0,0,0,0,0,0,1,0,0,0,1,64,0,0,0,0,0,0,0,1,0,14712
693032,0,0,2,1,0,0,0,149,0,1,0,1,0,0,0,0,0,0,0,1,0,0,0,1,0,0,0,0,0,0,0,0,6,0,18214
693087,0,0,6,0,0,54,0,1,0,1,0,1,0,0,0,0,0,0,0,1,0,0,0,1,0,0,0,0,0,0,0,0,1,0,15465
693152,0,0,2,0,0,0,0,69,0,1,0,1,0,0,0,0,0,0,0,1,0,0,0,1,0,0,0,0,0,0,0,0,6,0,16413
693153,0,1,6,0,0,3,2000,2,0,1,0,1,0,0,0,0,0,0,0,1,0,0,0,1,0,0,0,0,0,0,0,0,6,0,16413
693208,0,0,2,0,0,0,0,29,0,1,0,1,0,0,0,0,0,0,0,1,0,0,0,1,0,0,0,0,0,0,0,0,6,0,16407
693251,0,0,6,0,0,22,0,99,0,1,0,1,0,0,0,0,0,0,0,1,0,0,0,1,1,0,0,0,0,0,0,0,1,0,15666
693254,0,0,6,0,0,30,0,5,0,1,0,1,0,0,0,0,0,0,0,1,0,0,0,1,43,0,0,0,0,0,0,0,1,0,15763
693321,0,0,6,0,0,42,0,0,0,1,0,1,0,0,0,0,0,10342,0,1,0,0,0,1,0,0,0,0,0,0,0,0,1,0,4070
693326,0,0,6,0,0,42,0,0,0,1,0,0,0,0,0,0,0,17333,0,1,0,0,0,1,0,0,0,0,0,0,0,0,1,0,17332
693461,0,0,6,0,0,13,0,21,0,1,0,1,0,0,0,0,0,0,0,1,0,0,0,1,126,0,0,0,0,0,0,0,1,0,15714
693462,0,1,6,0,0,135,0,21,1,1,0,1,0,0,0,0,0,0,0,1,0,0,0,1,126,0,0,0,0,0,0,0,1,0,15714
693658,0,0,6,0,0,3,3000,5,0,1,0,1,0,0,0,0,0,0,0,1,0,0,0,1,0,0,0,0,0,0,0,0,6,0,16400
693694,0,0,2,1,0,0,0,24,0,1,0,1,0,0,0,0,0,0,0,1,0,0,0,1,0,0,0,0,0,0,0,0,6,0,16408
693940,0,0,6,0,0,13,0,28,0,1,0,1,0,0,0,0,0,0,0,1,0,0,0,1,8,0,0,0,0,0,0,0,1,0,17819
693993,0,0,2,0,0,0,0,85,0,1,0,25,0,0,0,0,0,0,0,1,0,0,0,1,0,0,0,0,0,0,0,0,6,0,18199
693994,0,1,6,0,0,3,2000,5,0,1,0,1,0,0,0,0,0,0,0,1,0,0,0,1,0,0,0,0,0,0,0,0,6,0,18199
693995,0,0,6,0,0,3,3000,12,0,1,0,1,0,0,0,0,0,0,0,1,0,0,0,1,0,0,0,0,0,0,0,0,6,0,18200
694088,0,0,2,1,0,0,0,34,0,1,0,1,0,0,0,0,0,0,0,1,0,0,0,1,0,0,0,0,0,0,0,0,6,0,16409
694423,0,0,6,0,0,154,0,4,0,1,0,1,0,0,0,0,0,0,0,1,0,0,0,1,0,0,0,0,0,0,0,0,1,0,17746
694425,0,0,6,0,0,30,0,6,0,1,0,1,0,0,0,0,0,0,0,1,0,0,0,1,44,0,0,0,0,0,0,0,1,0,15874
694467,0,0,6,0,0,3,6000,8,0,1,0,1,0,0,0,0,0,0,0,1,0,0,0,1,0,0,0,0,0,0,0,0,6,0,16403
694584,0,0,6,0,0,109,0,99,0,1,0,1,0,0,0,0,0,17769,0,1,0,0,0,1,0,0,0,0,1073741824,0,0,0,1,0,17768
694585,0,1,6,0,0,109,0,99,1,1,0,1,0,0,0,0,0,17770,0,1,0,0,0,1,0,0,0,0,-2147483648,0,0,0,1,0,17768
694708,0,0,6,0,0,13,0,25,0,1,0,1,0,0,0,0,0,0,0,1,0,0,0,1,64,0,0,0,0,0,0,0,1,0,17823
694767,0,0,2,1,0,0,0,124,0,1,0,151,0,0,0,0,0,0,0,1,0,0,0,1,0,0,0,0,0,0,0,0,6,0,18211
694820,0,0,6,0,0,3,6000,29,0,1,0,1,0,0,0,0,0,0,0,1,0,0,0,1,0,0,0,0,0,0,0,0,6,0,16401
694853,0,0,2,0,0,0,0,84,0,1,0,1,0,0,0,0,1,0,0,1,0,0,0,1,0,0,0,0,0,0,0,0,6,0,18091
694860,0,0,6,0,0,42,0,-1,0,1,0,1,0,0,0,0,0,17154,0,1,0,0,0,1,0,0,0,0,0,0,0,0,1,0,18097
694861,0,0,2,0,0,0,0,94,0,1,0,27,0,0,0,0,0,0,0,1,0,0,0,1,0,0,0,0,0,0,0,0,6,0,18107
694862,0,0,2,1,0,0,0,59,0,1,0,41,0,0,0,0,0,0,0,1,0,0,0,1,0,0,0,0,0,0,0,0,6,0,18217
694895,0,0,2,0,0,0,0,90,0,1,0,35,0,0,0,0,0,0,0,1,0,0,0,1,0,0,0,0,0,0,0,0,6,0,18081
694919,0,0,6,0,0,3,1000,9,0,1,0,1,0,0,0,0,0,0,0,1,0,0,0,1,0,0,0,0,0,0,0,0,6,0,17510
694932,0,0,2,0,0,0,0,89,0,1,0,25,0,0,0,0,0,0,0,1,0,0,0,1,0,0,0,0,0,0,0,0,6,0,18090
694935,0,0,6,0,0,42,0,0,0,1,0,0,0,0,0,0,0,13441,0,1,0,0,0,1,0,0,0,0,0,0,0,0,1,0,16982
695016,0,0,2,0,0,0,0,109,0,1,0,11,0,0,0,0,0,0,0,1,0,0,0,1,0,0,0,0,0,0,0,0,6,0,18204
695018,0,0,6,0,0,22,0,3,0,1,0,1,0,0,0,0,0,0,0,1,0,0,0,1,126,0,0,0,0,0,0,0,1,0,18675
695029,0,0,2,1,0,0,0,54,0,1,0,31,0,0,0,0,0,0,0,1,0,0,0,1,0,0,0,0,0,0,0,0,6,0,18205
695031,0,0,6,0,0,102,0,59,0,1,0,1,0,0,0,0,0,0,0,1,0,0,0,1,1,0,0,0,0,0,0,0,1,0,18207
695032,0,1,6,0,0,131,0,59,1,1,0,1,0,0,0,0,0,0,0,1,0,0,0,1,1,0,0,0,0,0,0,0,1,0,18207
695162,0,0,6,0,0,3,3000,10,0,1,0,1,0,0,0,0,0,0,0,1,0,0,0,1,0,0,0,0,0,0,0,0,6,0,18202
695198,0,0,6,0,0,31,0,4,0,1,0,1,0,0,0,0,0,0,0,1,0,0,0,1,0,0,0,0,0,0,0,0,1,0,17498
695221,0,0,6,0,0,13,0,25,0,1,0,1,0,0,0,0,0,0,0,1,0,0,0,1,126,0,0,0,0,0,0,0,1,0,18049
695222,0,1,6,0,0,135,0,25,1,1,0,1,0,0,0,0,0,0,0,1,0,0,0,1,126,0,0,0,0,0,0,0,1,0,18049
695258,0,0,2,0,0,0,0,34,0,1,0,1,0,0,0,0,0,0,0,1,0,0,0,1,0,0,0,0,0,0,0,0,6,0,18092
695279,0,0,6,0,0,102,0,65,0,1,0,1,0,0,0,0,0,0,0,1,0,0,0,1,32,0,0,0,0,0,0,0,1,0,18198
695280,0,1,6,0,0,131,0,65,1,1,0,1,0,0,0,0,0,0,0,1,0,0,0,1,32,0,0,0,0,0,0,0,1,0,18198
695290,0,0,6,0,0,135,0,34,0,1,0,1,0,0,0,0,0,0,0,1,0,0,0,1,126,0,0,0,0,0,0,0,1,0,18029
695306,0,0,6,0,0,3,6000,5,0,1,0,1,0,0,0,0,0,0,0,1,0,0,0,1,0,0,0,0,0,0,0,0,6,0,18078
695344,0,0,2,1,0,0,0,109,0,1,0,31,0,0,0,0,0,0,0,1,0,0,0,1,0,0,0,0,0,0,0,0,6,0,18138
695347,0,0,6,0,0,3,3000,6,0,1,0,1,0,0,0,0,0,0,0,1,0,0,0,1,0,0,0,0,0,0,0,0,6,0,18197
695516,0,0,2,0,0,0,0,44,0,1,0,1,0,0,0,0,0,0,0,1,0,0,0,1,0,0,0,0,0,0,0,0,6,0,18398
695763,0,0,6,0,0,71,0,1,0,1,0,1,0,0,0,0,0,0,0,1,0,0,0,1,126,0,0,0,0,0,0,0,1,0,18382
695930,0,0,6,0,0,42,0,0,0,1,0,0,0,0,0,0,0,18980,0,1,0,0,0,1,0,0,0,0,0,0,0,0,1,0,18979
696065,0,0,6,0,0,3,5000,12,0,1,0,1,0,0,0,0,0,0,0,1,0,0,0,1,0,0,0,0,0,0,0,0,6,0,18208
696164,0,0,6,0,0,3,6000,9,0,1,0,1,0,0,0,0,0,0,0,1,0,0,0,1,0,0,0,0,0,0,0,0,6,0,18075
696312,0,0,6,0,0,8,3000,24,0,1,0,1,0,0,0,0,0,0,0,1,0,0,0,1,0,0,0,0,0,0,0,0,1,0,18956
696342,0,0,6,0,0,71,0,0,0,1,0,1,0,0,0,0,0,0,0,1,0,0,0,1,126,0,0,0,0,0,0,0,1,0,18384
696400,0,0,6,0,0,8,3000,39,0,1,0,1,0,0,0,0,0,0,0,1,0,0,0,1,0,0,0,0,0,0,0,0,1,0,18957
696408,0,0,6,0,0,102,0,29,0,1,0,1,0,0,0,0,0,0,0,1,0,0,0,1,32,0,0,0,0,0,0,0,1,0,18074
696409,0,1,6,0,0,131,0,29,1,1,0,1,0,0,0,0,0,0,0,1,0,0,0,1,32,0,0,0,0,0,0,0,1,0,18074
696479,0,0,6,0,0,117,0,6,0,1,0,1,0,0,0,0,0,0,0,1,0,0,0,1,9,0,0,0,0,0,0,0,1,0,19786
696651,0,0,6,0,0,22,0,7,0,1,0,1,0,0,0,0,0,0,0,1,0,0,0,1,126,0,0,0,0,0,0,0,1,0,18679
696675,0,0,6,0,0,22,0,14,0,1,0,1,0,0,0,0,0,0,0,1,0,0,0,1,126,0,0,0,0,0,0,0,1,0,18686
696735,0,0,6,0,0,24,3000,49,0,1,0,1,0,0,0,0,0,0,0,1,0,0,0,1,0,0,0,0,0,0,0,0,1,0,19634
696782,0,0,2,0,0,0,0,154,0,1,0,43,0,0,0,0,0,0,0,1,0,0,0,1,0,0,0,0,0,0,0,0,6,0,18796
696783,0,1,6,0,0,3,2000,7,0,1,0,1,0,0,0,0,0,0,0,1,0,0,0,1,0,0,0,0,0,0,0,0,6,0,18796
696884,0,0,6,0,0,22,0,9,0,1,0,1,0,0,0,0,0,0,0,1,0,0,0,1,126,0,0,0,0,0,0,0,1,0,18681
696941,0,0,6,0,0,30,0,14,0,1,0,1,0,0,0,0,0,0,0,1,0,0,0,1,95,0,0,0,0,0,0,0,1,0,18196
696960,0,0,6,0,0,30,0,8,0,1,0,1,0,0,0,0,0,0,0,1,0,0,0,1,95,0,0,0,0,0,0,0,1,0,18369
697099,0,0,6,0,0,30,0,1,0,1,0,1,0,0,0,0,0,0,0,1,0,0,0,1,136,0,0,0,0,0,0,0,1,0,20607
697429,0,0,6,0,0,102,0,17,0,1,0,1,0,0,0,0,0,0,0,1,0,0,0,1,1,0,0,0,0,0,0,0,1,0,19691
697430,0,1,6,0,0,131,0,17,1,1,0,1,0,0,0,0,0,0,0,1,0,0,0,1,1,0,0,0,0,0,0,0,1,0,19691
697670,0,0,6,0,0,99,0,14,0,1,0,1,0,0,0,0,0,0,0,1,0,0,0,1,0,0,0,0,0,0,0,0,1,0,20732
697671,0,1,6,0,0,124,0,14,0,1,0,1,0,0,0,0,0,0,0,1,0,0,0,1,0,0,0,0,0,0,0,0,1,0,20732
697691,0,0,6,0,0,107,0,-201,1,1,0,1,0,0,0,0,0,0,0,1,0,0,0,1,10,0,0,0,64,0,0,0,1,0,21872
697930,0,0,6,0,0,13,0,10,0,1,0,1,0,0,0,0,0,0,0,1,0,0,0,1,2,0,0,0,0,0,0,0,1,0,21506
697932,0,0,6,0,0,13,0,23,0,1,0,1,0,0,0,0,0,0,0,1,0,0,0,1,2,0,0,0,0,0,0,0,1,0,21515
697997,0,0,6,0,0,85,0,6,0,1,0,1,0,0,0,0,0,0,0,1,0,0,0,1,0,0,0,0,0,0,0,0,1,0,21364
698021,0,0,6,0,0,85,0,3,0,1,0,1,0,0,0,0,0,0,0,1,0,0,0,1,0,0,0,0,0,0,0,0,1,0,21618
698022,0,0,6,0,0,85,0,3,0,1,0,1,0,0,0,0,0,0,0,1,0,0,0,1,0,0,0,0,0,0,0,0,1,0,21619
698070,0,0,6,0,0,85,0,1,0,1,0,1,0,0,0,0,0,0,0,1,0,0,0,1,0,0,0,0,0,0,0,0,1,0,21360
698071,0,0,6,0,0,85,0,2,0,1,0,1,0,0,0,0,0,0,0,1,0,0,0,1,0,0,0,0,0,0,0,0,1,0,21361
698072,0,0,6,0,0,85,0,3,0,1,0,1,0,0,0,0,0,0,0,1,0,0,0,1,0,0,0,0,0,0,0,0,1,0,21362
698073,0,0,6,0,0,85,0,4,0,1,0,1,0,0,0,0,0,0,0,1,0,0,0,1,0,0,0,0,0,0,0,0,1,0,21363
698127,0,0,6,0,0,102,0,14,0,1,0,1,0,0,0,0,0,0,0,1,0,0,0,1,32,0,0,0,0,0,0,0,1,0,20606
698128,0,1,6,0,0,131,0,0,1,1,0,0,0,0,0,0,0,0,0,1,0,0,0,1,32,0,0,0,0,0,0,0,1,0,20606
698204,0,0,6,0,0,124,0,13,0,1,0,1,0,0,0,0,0,0,0,1,0,0,0,1,0,0,0,0,0,0,0,0,1,0,21431
698221,0,0,6,0,0,124,0,16,0,1,0,1,0,0,0,0,0,0,0,1,0,0,0,1,0,0,0,0,0,0,0,0,1,0,21432
698288,0,0,6,0,0,109,0,99,1,1,0,1,0,0,0,0,0,22009,0,1,0,0,0,1,0,0,0,0,4096,0,0,0,1,0,22010
698323,0,0,6,0,0,51,0,0,0,1,0,1,0,0,0,0,0,0,0,1,0,0,0,1,0,0,0,0,0,0,0,0,1,0,21470
698325,0,0,6,0,0,13,0,13,0,1,0,1,0,0,0,0,0,0,0,1,0,0,0,1,2,0,0,0,0,0,0,0,1,0,21508
698351,0,0,6,0,0,23,3000,0,1,1,0,0,0,0,0,0,0,21925,0,1,0,0,0,1,0,0,0,0,0,0,0,0,1,0,21926
698470,0,0,6,0,0,161,0,2,0,1,0,1,0,0,0,0,0,0,0,1,0,0,0,1,0,0,0,0,0,0,0,0,1,0,21593
698511,0,0,6,0,0,8,1000,99,0,1,0,1,0,0,0,0,0,0,0,1,0,0,0,1,0,0,0,0,0,0,0,0,1,0,20631
698741,0,0,6,0,0,107,0,9,0,1,0,1,0,0,0,0,0,0,0,1,0,0,0,1,6,0,0,0,67362816,0,0,0,1,0,21895
698745,0,0,6,0,0,47,0,-2,0,1,0,1,0,0,0,0,0,0,0,1,0,0,0,1,0,0,0,0,0,0,0,0,1,0,21352
698775,0,0,6,0,0,23,3000,0,1,1,0,0,0,0,0,0,0,21921,0,1,0,0,0,1,0,0,0,0,0,0,0,0,1,0,21922
698814,0,0,6,0,0,42,0,9,1,1,0,1,0,0,0,0,0,22008,0,1,0,0,0,1,0,0,0,0,0,0,0,0,1,0,22007
698868,0,0,6,0,0,134,0,14,0,1,0,1,0,0,0,0,0,0,0,1,0,0,0,1,0,0,0,0,0,0,0,0,1,0,21894
698892,0,0,2,0,0,0,0,74,0,1,0,1,0,0,0,0,0,0,0,1,0,0,0,1,0,0,0,0,0,0,0,0,6,0,20869
698905,0,0,6,0,0,23,3000,0,1,1,0,0,0,0,0,0,0,21927,0,1,0,0,0,1,0,0,0,0,0,0,0,0,1,0,21928
698911,0,0,6,0,0,30,0,19,0,1,0,1,0,0,0,0,0,0,0,1,0,0,0,1,95,0,0,0,0,0,0,0,1,0,21416
699090,0,0,6,0,0,108,0,49,1,1,0,1,0,0,0,0,0,0,0,1,0,0,0,1,5,0,0,0,8388608,0,0,0,1,0,23560
699091,0,1,6,0,0,108,0,9,1,1,0,1,0,0,0,0,0,0,0,1,0,0,0,1,8,0,0,0,8388608,0,0,0,1,0,23560
699092,0,2,6,0,0,108,0,-31,1,1,0,1,0,0,0,0,0,0,0,1,0,0,0,1,14,0,0,0,8388608,0,0,0,1,0,23560
699093,0,0,6,0,0,158,0,29,0,1,0,1,0,0,0,0,0,0,0,1,0,0,0,1,0,0,0,0,0,0,0,0,1,0,23562
699098,0,0,6,0,0,23,3000,0,1,1,0,0,0,0,0,0,0,21740,0,1,0,0,0,1,0,0,0,0,0,0,0,0,1,0,21741
699104,0,0,6,0,0,69,0,749,0,1,0,501,0,0,0,0,0,0,0,1,0,0,0,1,127,0,0,0,0,0,0,0,1,0,23506
699125,0,0,6,0,0,42,0,-1,1,1,0,1,0,0,0,0,0,23544,0,1,0,0,0,1,0,0,0,0,0,0,0,0,1,0,21747
699154,0,0,6,0,0,161,0,5,0,1,0,1,0,0,0,0,0,0,0,1,0,0,0,1,0,0,0,0,0,0,0,0,1,0,21598
699155,0,0,6,0,0,161,0,5,0,1,0,1,0,0,0,0,0,0,0,1,0,0,0,1,0,0,0,0,0,0,0,0,1,0,21599
699233,0,0,6,0,0,107,0,4,0,1,0,1,0,0,0,0,0,0,0,1,0,0,0,1,18,0,0,0,268558336,0,0,0,1,0,21881
699235,0,0,6,0,0,42,0,0,1,1,0,0,0,0,0,0,0,21977,0,1,0,0,0,1,0,0,0,0,0,0,0,0,1,0,21890
699251,0,0,6,0,0,108,0,14,1,1,0,1,4096,0,0,0,0,0,0,1,0,0,0,1,0,0,0,0,4096,0,0,0,1,0,23566
699252,0,1,6,0,0,108,0,14,1,1,0,1,8192,0,0,0,0,0,0,1,0,0,0,1,22,0,0,0,8192,0,0,0,1,0,23566
699253,0,0,6,0,0,71,0,2,0,1,0,1,0,0,0,0,0,0,0,1,0,0,0,1,8,0,0,0,0,0,0,0,1,0,23570
699281,0,0,6,0,0,42,0,0,0,1,0,0,0,0,0,0,0,29478,0,1,0,0,0,1,0,0,0,0,0,0,0,0,1,0,21838
699285,0,0,6,0,0,107,0,1,1,1,0,1,0,0,0,0,0,0,0,1,0,0,0,1,7,0,0,0,-1877999616,0,0,0,1,0,22804
699290,0,0,6,0,0,107,0,-10001,1,1,0,1,48,0,0,0,0,0,0,1,0,0,0,1,2,0,0,0,48,0,0,0,1,0,21879
699291,0,1,6,0,0,107,0,-2001,1,1,0,1,0,0,0,0,0,0,0,1,0,0,0,1,2,0,0,0,1,0,0,0,1,0,21879
699292,0,2,6,0,0,107,0,-2001,1,1,0,1,0,0,0,0,0,0,0,1,0,0,0,1,2,0,0,0,2097152,0,0,0,1,0,21879
699358,0,0,6,0,0,107,0,-101,0,1,0,1,2048,0,0,0,0,0,0,1,0,0,0,1,10,0,0,0,2048,0,0,0,1,0,21973
699359,0,1,6,0,0,107,0,-101,1,1,0,1,2048,0,0,0,0,0,0,1,0,0,0,1,21,0,0,0,2048,0,0,0,1,0,21973
699369,0,0,6,0,0,107,0,-30001,1,1,0,1,2048,0,0,0,0,0,0,1,0,0,0,1,11,0,0,0,2048,0,0,0,1,0,21874
699379,0,0,6,0,0,107,0,-1501,1,1,0,1,0,0,0,0,0,0,0,1,0,0,0,1,11,0,0,0,65536,0,0,0,1,0,23025
699419,0,0,6,0,0,108,0,19,1,1,0,1,0,0,0,0,0,0,0,1,0,0,0,1,8,0,0,0,1048576,0,0,0,1,0,23559
699446,0,0,96,0,0,0,0,0,0,1,0,0,0,0,0,0,0,0,0,1,0,0,0,1,0,0,0,0,0,0,0,0,6,0,22641
699447,0,1,64,0,0,0,0,0,1,1,0,0,0,0,0,0,0,13327,0,1,0,0,0,1,0,0,0,0,0,0,0,0,6,0,22641
699450,0,0,3,0,0,0,0,0,1,1,0,0,0,0,0,0,0,0,0,1,0,0,0,1,0,0,0,0,0,0,0,0,1,0,23453
699476,0,0,6,0,0,42,0,0,0,1,0,1,0,0,0,0,0,21970,0,1,0,0,0,1,0,0,0,0,0,0,0,0,1,0,21969
699485,0,0,6,0,0,42,0,0,0,1,0,1,0,0,0,0,0,27775,0,1,0,0,0,1,0,0,0,0,0,0,0,0,1,0,27774
699537,0,0,6,0,0,107,0,29,1,1,0,1,0,0,0,0,0,0,0,1,0,0,0,1,8,0,0,0,65536,0,0,0,1,0,23563
699553,0,0,6,0,0,42,0,0,1,1,0,0,0,0,0,0,0,21976,0,1,0,0,0,1,0,0,0,0,0,0,0,0,1,0,21853
699560,0,0,6,0,0,85,0,11,0,1,0,1,0,0,0,0,0,0,0,1,0,0,0,1,0,0,0,0,0,0,0,0,1,0,21636
699579,0,0,6,0,0,124,0,25,0,1,0,1,0,0,0,0,0,0,0,1,0,0,0,1,0,0,0,0,0,0,0,0,1,0,21436
699698,0,0,6,0,0,107,0,2999,0,1,0,1,0,0,0,0,0,0,0,1,0,0,0,1,1,0,0,0,16,0,0,0,1,0,21871
699699,0,0,6,0,0,35,0,9,1,1,0,1,0,0,0,0,0,0,0,1,0,0,0,1,3,0,0,0,0,0,0,0,1,0,21975
699728,0,0,6,0,0,107,0,-5001,1,1,0,1,0,0,0,0,0,0,0,1,0,0,0,1,11,0,0,0,1073741824,0,0,0,1,0,22738
699742,0,0,6,0,0,85,0,5,0,1,0,1,0,0,0,0,0,0,0,1,0,0,0,1,0,0,0,0,0,0,0,0,1,0,21626
699780,0,0,6,0,0,85,0,1,0,1,0,1,0,0,0,0,0,0,0,1,0,0,0,1,0,0,0,0,0,0,0,0,1,0,21624
699871,0,0,6,0,0,108,0,29,0,1,0,1,0,0,0,0,0,0,0,1,0,0,0,1,20,0,0,0,256,0,0,0,1,0,21899
699887,0,0,6,0,0,85,0,2,0,1,0,1,0,0,0,0,0,0,0,1,0,0,0,1,0,0,0,0,0,0,0,0,1,0,21625
699941,0,0,6,0,0,72,0,-16,1,1,0,1,0,0,0,0,0,0,0,1,0,0,0,1,32,0,0,0,0,0,0,0,1,0,23553
699963,0,0,6,0,0,42,0,0,1,1,0,0,0,0,0,0,0,24255,0,1,0,0,0,1,0,0,0,0,0,0,0,0,1,0,24256
700013,0,0,6,0,0,42,0,4,1,1,0,1,0,0,0,0,0,18350,0,1,0,0,0,1,0,0,0,0,192,0,0,0,1,0,23551
700018,0,0,6,0,0,107,0,-201,1,1,0,1,0,0,0,0,0,0,0,1,0,0,0,1,10,0,0,0,4,0,0,0,1,0,23047
700019,0,1,6,0,0,107,0,-201,1,1,0,1,0,0,0,0,0,0,0,1,0,0,0,1,21,0,0,0,4,0,0,0,1,0,23047
700039,0,0,6,0,0,107,0,-1001,1,1,0,1,0,0,0,0,0,0,0,1,0,0,0,1,11,0,0,0,8,0,0,0,1,0,23048
700044,0,0,6,0,0,107,0,-600001,0,1,0,1,0,0,0,0,0,0,0,1,0,0,0,1,11,0,0,0,268435456,0,0,0,1,0,26106
700076,0,0,6,0,0,108,0,14,1,1,0,1,16384,0,0,0,0,0,0,1,0,0,0,1,2,0,0,0,16384,0,0,0,1,0,23561
700087,0,0,6,0,0,42,0,-1,0,1,0,1,0,0,0,0,0,26976,0,1,0,0,0,1,0,0,0,0,0,0,0,0,1,0,26107
700090,0,0,6,0,0,55,0,0,0,1,0,1,0,0,0,0,0,0,0,1,0,0,0,1,0,0,0,0,0,0,0,0,1,0,23727
700095,0,0,6,0,0,42,0,0,0,1,0,0,0,0,0,0,0,22649,0,1,0,0,0,1,0,0,0,0,0,0,0,0,1,0,22648
700111,0,0,6,0,0,42,0,0,1,1,0,0,0,0,0,0,0,23580,0,1,0,0,0,1,0,0,0,0,0,0,0,0,1,0,23581
700146,0,0,6,0,0,107,0,-10001,1,1,0,1,2048,0,0,0,0,0,0,1,0,0,0,1,11,0,0,0,2048,0,0,0,1,0,23302
700150,0,0,6,0,0,109,0,99,1,1,0,1,0,0,0,0,0,23590,0,1,0,0,0,1,0,0,0,0,8388608,0,0,0,1,0,23591
700158,0,0,6,0,0,107,0,-1001,1,1,0,1,0,0,0,0,0,0,0,1,0,0,0,1,11,0,0,0,512,0,0,0,1,0,23158
700173,0,0,5,0,0,0,0,0,1,1,0,0,0,0,0,3.0194,0,0,0,1,0,0,0,1,0,0,0,0,0,0,0,0,1,17,23442
700186,0,0,6,0,0,10,0,-16,1,1,0,1,0,0,0,0,0,0,0,1,0,0,0,1,127,0,0,0,0,0,0,0,1,0,23545
700264,0,0,6,0,0,107,0,3,1,1,0,1,0,0,0,0,0,0,0,1,0,0,0,1,8,0,0,0,256,0,0,0,1,0,23557
700265,0,1,6,0,0,108,0,49,1,1,0,1,0,0,0,0,0,0,0,1,0,0,0,1,1,0,0,0,256,0,0,0,1,0,23557
700266,0,0,6,0,0,108,0,24,1,1,0,1,0,0,0,0,0,0,0,1,0,0,0,1,8,0,0,0,134217728,0,0,0,1,0,23558
700290,0,0,6,0,0,108,0,-21,1,1,0,1,997,0,0,0,0,0,0,1,0,0,0,1,2,0,0,0,997,0,0,0,1,0,23555
700291,0,0,6,0,0,108,0,-51,1,1,0,1,0,0,0,0,0,0,0,1,0,0,0,1,11,0,0,0,4194432,0,0,0,1,0,23556
700340,0,0,6,0,0,107,0,999,1,1,0,1,0,0,0,0,0,0,0,1,0,0,0,1,1,0,0,0,65536,0,0,0,1,0,23044
700365,0,0,6,0,0,42,0,0,0,1,0,0,0,0,0,0,0,18350,0,1,0,0,0,1,0,0,0,0,128,0,0,0,1,0,23572
700373,0,0,108,0,0,0,0,0,1,1,0,0,0,0,0,0,0,0,0,1,0,0,0,1,5,0,0,0,0,0,0,0,1,0,22891
700374,0,1,108,0,0,0,0,0,1,1,0,0,0,0,0,0,0,0,0,1,0,0,0,1,17,0,0,0,0,0,0,0,1,0,22891
700375,0,2,108,0,0,0,0,0,1,1,0,0,0,0,0,0,0,0,0,1,0,0,0,1,10,0,0,0,0,0,0,0,1,0,22891
700396,0,0,6,0,0,42,0,0,1,1,0,1,0,0,0,0,0,23547,0,1,0,0,0,1,0,0,0,0,0,0,0,0,1,0,23548
700591,0,0,6,0,0,107,0,24,1,1,0,1,0,0,0,0,0,0,0,1,0,0,0,1,7,0,0,0,512,0,0,0,1,0,23550
700653,0,0,6,0,0,129,0,14,0,1,0,1,0,0,0,0,0,0,0,1,0,0,0,1,0,0,0,0,0,0,0,0,1,0,23218
700704,0,0,6,0,0,108,0,24,1,1,0,1,4228,0,0,0,0,0,0,1,0,0,0,1,6,0,0,0,4228,0,0,0,1,0,23549
700747,0,0,6,0,0,107,0,-31,1,1,0,1,0,0,0,0,0,0,0,1,0,0,0,1,14,0,0,0,-2147483648,0,0,0,1,0,24431
700768,0,0,6,0,0,108,0,14,0,1,0,1,0,0,0,0,0,0,0,1,0,0,0,1,27,0,0,0,24,0,0,0,1,0,23554
700995,0,0,6,0,0,107,0,9,1,1,0,1,0,0,0,0,0,0,0,1,0,0,0,1,18,0,0,0,524288,0,0,0,1,0,23564
701008,0,0,6,0,0,107,0,-101,1,1,0,1,0,0,0,0,0,0,0,1,0,0,0,1,10,0,0,0,-2147483648,0,0,0,1,0,24457
701011,0,0,6,0,0,108,0,9,1,1,0,1,0,0,0,0,0,0,0,1,0,0,0,1,1,0,0,0,268435456,0,0,0,1,0,24460
701015,0,0,6,0,0,107,0,9,1,1,0,1,0,0,0,0,0,0,0,1,0,0,0,1,6,0,0,0,67240008,0,0,0,1,0,23565
701039,0,0,6,0,0,13,0,46,0,1,0,1,0,0,0,0,0,0,0,1,0,0,0,1,126,0,0,0,0,0,0,0,1,0,24196
701040,0,1,6,0,0,135,0,46,1,1,0,1,0,0,0,0,0,0,0,1,0,0,0,1,126,0,0,0,0,0,0,0,1,0,24196
701151,0,0,6,0,0,107,0,999,1,1,0,1,0,0,0,0,0,0,0,1,0,0,0,1,1,0,0,0,-2147483648,0,0,0,1,0,24461
701152,0,0,6,0,0,107,0,4,1,1,0,1,0,0,0,0,0,0,0,1,0,0,0,1,5,0,0,0,1,0,0,0,1,0,24462
701158,0,0,6,0,0,107,0,2,1,1,0,1,0,0,0,0,0,0,0,1,0,0,0,1,17,0,0,0,64,0,0,0,1,0,23573
701213,0,0,6,0,0,107,0,-1001,1,1,0,1,0,0,0,0,0,0,0,1,0,0,0,1,11,0,0,0,512,0,0,0,1,0,24465
701215,0,0,6,0,0,107,0,2999,1,1,0,1,16384,0,0,0,0,0,0,1,0,0,0,1,1,0,0,0,16384,0,0,0,1,0,24467
701216,0,0,6,0,0,107,0,-20001,1,1,0,1,0,0,0,0,0,0,0,1,0,0,0,1,11,0,0,0,16777216,0,0,0,1,0,24469
701219,0,0,6,0,0,4,0,99,1,1,0,1,0,0,0,0,0,0,0,1,0,0,0,1,0,0,0,0,0,0,0,0,1,0,23582
701237,0,0,6,0,0,24,1000,39,1,1,0,1,0,0,0,0,0,0,0,1,0,0,0,1,0,0,0,0,0,0,0,0,1,0,24884
701286,0,0,6,0,0,13,0,70,0,1,0,1,0,0,0,0,0,0,0,1,0,0,0,1,126,0,0,0,0,0,0,0,1,0,23929
701287,0,1,6,0,0,135,0,70,1,1,0,1,0,0,0,0,0,0,0,1,0,0,0,1,126,0,0,0,0,0,0,0,1,0,23929
701348,0,0,6,0,0,107,0,1,1,1,0,1,0,0,0,0,0,0,0,1,0,0,0,1,7,0,0,0,5,0,0,0,1,0,24433
701372,0,0,6,0,0,107,0,-6,1,1,0,1,0,0,0,0,0,0,0,1,0,0,0,1,14,0,0,0,1179648,0,0,0,1,0,24471
701430,0,0,6,0,0,56,0,0,0,1,0,0,0,0,0,0,0,0,0,1,0,0,0,1,15118,0,0,0,0,0,0,0,1,0,24347
701431,0,1,6,0,0,82,0,0,1,1,0,1,0,0,0,0,0,0,0,1,0,0,0,1,0,0,0,0,0,0,0,0,1,0,24347
701432,0,2,6,0,0,58,0,24,1,1,0,1,0,0,0,0,0,0,0,1,0,0,0,1,0,0,0,0,0,0,0,0,1,0,24347
701497,0,0,6,0,0,42,0,0,0,1,0,0,0,0,0,0,0,23864,0,1,0,0,0,1,0,0,0,0,0,0,0,0,1,0,23863
701524,0,0,6,0,0,42,0,0,1,1,0,1,0,0,0,0,0,23577,0,1,0,0,0,1,0,0,0,0,0,0,0,0,1,0,23578
701595,0,0,6,0,0,107,0,4,1,1,0,1,0,0,0,0,0,0,0,1,0,0,0,1,5,0,0,0,1048704,0,0,0,1,0,24482
701605,0,0,6,0,0,108,0,4,0,1,0,1,0,0,0,0,0,0,0,1,0,0,0,1,0,0,0,0,12288,0,0,0,1,0,26118
701606,0,1,6,0,0,107,0,4,0,1,0,1,0,0,0,0,0,0,0,1,0,0,0,1,8,0,0,0,67108864,0,0,0,0,0,26118
701718,0,0,6,0,0,108,0,49,0,1,0,1,128,0,0,0,0,0,0,1,0,0,0,1,8,0,0,0,128,0,0,0,1,0,26110
701872,0,0,6,0,0,31,0,7,0,1,0,1,0,0,0,0,0,0,0,1,0,0,0,1,0,0,0,0,0,0,0,0,1,0,23990
701906,0,0,6,0,0,108,0,-16,1,1,0,1,0,0,0,0,0,0,0,1,0,0,0,1,11,0,0,0,524288,0,0,0,1,0,24487
701907,0,0,6,0,0,108,0,-6,1,1,0,1,1024,0,0,0,0,0,0,1,0,0,0,1,14,0,0,0,1024,0,0,0,1,0,24489
701941,0,1,6,0,0,117,0,9,1,1,0,1,0,0,0,0,0,0,0,1,0,0,0,1,26,0,0,0,0,0,0,0,1,0,27733
701942,0,2,6,0,0,117,0,9,1,1,0,1,0,0,0,0,0,0,0,1,0,0,0,1,9,0,0,0,0,0,0,0,1,0,27733
702036,0,0,6,0,0,107,0,-501,1,1,0,1,0,0,0,0,0,0,0,1,0,0,0,1,10,0,0,0,4,0,0,0,1,0,24491
702131,0,0,6,0,0,108,0,-16,0,1,0,1,0,0,0,0,0,0,0,1,0,0,0,1,14,0,0,0,1,0,131072,0,1,0,26117
702144,0,0,6,0,0,107,0,4999,1,1,0,1,1024,0,0,0,0,0,0,1,0,0,0,1,1,0,0,0,1024,0,0,0,1,0,24479
702145,0,0,6,0,0,107,0,2,1,1,0,1,0,0,0,0,0,0,0,1,0,0,0,1,7,0,0,0,4,0,0,0,1,0,24480
702174,0,0,6,0,0,112,0,99,1,1,0,1,128,0,0,0,0,0,0,1,0,0,0,1,4235,0,0,0,128,0,0,0,1,0,26127
702175,0,0,6,0,0,42,0,0,0,1,0,1,0,0,0,0,0,26129,0,1,0,0,0,1,0,0,0,0,0,0,0,0,1,0,26128
702229,0,0,6,0,0,42,0,0,0,1,0,1,0,0,0,0,0,26121,0,1,0,0,0,1,0,0,0,0,0,0,0,0,1,0,26119
702230,0,0,6,0,0,107,0,-401,0,1,0,1,0,0,0,0,0,0,0,1,0,0,0,1,10,0,0,0,256,0,0,0,1,0,26122
702231,0,0,6,0,0,108,0,4,0,1,0,1,0,0,0,0,0,0,0,1,0,0,0,1,20,0,0,0,2,0,0,0,1,0,26123
702246,0,0,6,0,0,107,0,-501,1,1,0,1,0,0,0,0,0,0,0,1,0,0,0,1,10,0,0,0,131072,0,0,0,1,0,24483
702247,0,0,6,0,0,108,0,1,1,1,0,1,0,0,0,0,0,0,0,1,0,0,0,1,22,0,0,0,2,0,0,0,1,0,24486
702325,0,0,6,0,0,107,0,-15001,1,1,0,1,0,0,0,0,0,0,0,1,0,0,0,1,11,0,0,0,262144,0,0,0,1,0,24456
702328,0,0,35,0,0,4,0,0,1,1,0,0,0,0,0,0,0,0,0,1,0,0,0,1,0,0,0,0,0,0,0,0,1,0,24746
702356,0,0,6,0,0,31,0,7,0,1,0,1,0,0,0,0,0,0,0,1,0,0,0,1,0,0,0,0,0,0,0,0,1,0,24090
702357,0,1,6,0,0,58,0,7,1,1,0,1,0,0,0,0,0,0,0,1,0,0,0,1,0,0,0,0,0,0,0,0,1,0,24090
702387,0,0,6,0,0,108,0,-36,0,1,0,1,0,0,0,0,0,0,0,1,0,0,0,1,14,0,0,0,983040,0,0,0,1,0,26109
702402,0,0,6,0,0,107,0,-21,0,1,0,1,0,0,0,0,0,0,0,1,0,0,0,1,14,0,0,0,1073741824,0,0,0,1,0,26111
702463,0,0,6,0,0,123,0,-11,0,1,0,1,0,0,0,0,0,0,0,1,0,0,0,1,124,0,0,0,0,0,0,0,1,0,25975
702536,0,0,6,0,0,107,0,-11,0,1,0,1,0,0,0,0,0,0,0,1,0,0,0,1,14,0,0,0,262144,0,0,0,1,0,26114
702573,0,0,6,0,0,42,0,0,0,1,0,1,0,0,0,0,0,27499,0,1,0,0,0,1,0,0,0,0,0,0,0,0,1,0,27498
702606,0,0,6,0,0,108,0,4,0,1,0,1,0,0,0,0,0,0,0,1,0,0,0,1,8,0,0,0,4,0,0,0,1,0,26116
702779,0,0,6,0,0,108,0,19,1,1,0,1,0,0,0,0,0,0,0,1,0,0,0,1,1,0,0,0,538443776,0,0,0,1,0,26130
702785,0,0,6,0,0,42,0,19,1,1,0,1,0,0,0,0,0,26975,0,1,0,0,0,1,0,0,0,0,0,0,0,0,1,0,26135
702805,0,0,6,0,0,108,0,14,0,1,0,1,0,0,0,0,0,0,0,1,0,0,0,1,8,0,0,0,32768,0,0,0,1,0,26131
702830,0,0,6,0,0,4,0,0,0,1,0,1,0,0,0,0,0,0,0,1,0,0,0,1,0,0,0,0,0,0,0,0,1,0,26169
702852,0,0,6,0,0,107,0,2999,0,1,0,1,0,0,0,0,0,0,0,1,0,0,0,1,1,0,0,0,64,0,0,0,1,0,26171
702853,0,0,6,0,0,108,0,4,0,1,0,1,0,0,0,0,0,0,0,1,0,0,0,1,8,0,0,0,32768,0,0,0,1,0,26172
703069,0,0,6,0,0,107,0,-120001,0,1,0,1,0,0,0,0,0,0,0,1,0,0,0,1,11,0,0,0,32,0,0,0,1,0,26174
703070,0,0,6,0,0,123,0,-11,0,1,0,1,0,0,0,0,0,0,0,1,0,0,0,1,124,0,0,0,0,0,0,0,1,0,26175
703071,0,0,6,0,0,23,3000,2,0,1,0,1,0,0,0,0,0,29233,0,1,0,0,0,1,0,0,0,0,33554432,0,0,0,1,0,26176
703117,0,0,6,0,0,107,0,-60001,0,1,0,1,0,0,0,0,0,0,0,1,0,0,0,1,11,0,0,0,32,0,0,0,1,0,26112
703118,0,0,6,0,0,108,0,14,0,1,0,1,0,0,0,0,0,0,0,1,0,0,0,1,0,0,0,0,131072,0,0,0,1,0,26113
703145,0,0,6,0,0,108,0,-11,0,1,0,1,2048,0,0,0,0,0,0,1,0,0,0,1,14,0,0,0,2048,0,0,0,1,0,26173
703404,0,0,6,0,0,42,0,0,1,1,0,1,0,0,0,0,0,27868,0,1,0,0,0,1,0,0,0,0,0,0,0,0,1,0,27867
703637,0,0,6,0,0,123,0,-21,0,1,0,1,0,0,0,0,0,0,0,1,0,0,0,1,124,0,0,0,0,0,0,0,1,0,26283
704192,0,0,6,0,0,42,0,0,1,1,0,1,0,0,0,0,0,21330,0,1,0,0,0,1,0,0,0,0,0,0,0,0,1,0,27780
704218,0,0,6,0,0,112,0,-1,0,1,0,1,0,0,0,0,0,0,0,1,0,0,0,1,4537,0,0,0,64,0,0,0,1,0,28744
704274,0,0,6,0,0,42,0,0,1,1,0,0,0,0,0,0,0,27418,0,1,0,0,0,1,0,0,0,0,0,0,0,0,1,0,27419
704352,0,0,6,0,0,4,0,0,0,1,0,0,0,0,0,0,0,0,0,1,0,0,0,1,0,0,0,0,16,0,0,0,1,0,28719
704364,0,0,6,0,0,52,0,0,0,1,0,1,0,0,0,0,0,0,0,1,0,0,0,1,0,0,0,0,0,0,0,0,1,0,28118
704546,0,0,6,0,0,42,0,0,0,1,0,1,0,0,0,0,0,27788,0,1,0,0,0,1,0,0,0,0,0,0,0,0,1,0,27787
704549,0,0,6,0,0,112,0,-1,0,1,0,1,0,0,0,0,0,0,0,1,0,0,0,1,4533,0,0,0,16,0,0,0,1,0,28716
704588,0,0,6,0,0,42,0,0,1,1,0,1,0,0,0,0,0,27779,0,1,0,0,0,1,0,0,0,0,0,0,0,0,1,0,27778
704614,0,0,6,0,0,42,0,0,1,1,0,0,0,0,0,0,0,27798,0,1,0,0,0,1,0,0,0,0,0,0,0,0,1,0,27781
704636,0,0,6,0,0,42,0,0,0,1,0,1,0,0,0,0,0,27786,0,1,0,0,0,1,0,0,0,0,0,0,0,0,1,0,27785
704768,0,0,6,0,0,42,0,0,0,1,0,0,0,0,0,0,0,29638,0,1,0,0,0,1,0,0,0,0,0,0,0,0,1,0,29624
704813,0,0,6,0,0,183,0,-26,1,1,0,1,0,0,0,0,0,0,0,1,0,0,0,1,126,0,0,0,240,0,0,0,1,0,28746
704814,0,1,6,0,0,108,0,-26,0,1,0,1,0,0,0,0,0,0,0,1,0,0,0,1,2,0,0,0,1030,1,0,0,0,0,28746
704829,0,0,6,0,0,42,0,0,0,1,0,0,0,0,0,0,0,29653,0,1,0,0,0,1,0,0,0,0,0,0,0,0,1,0,29636
704852,0,0,6,0,0,42,0,99,0,1,0,1,0,0,0,0,0,28817,0,1,0,0,0,1,0,0,0,0,570556422,1,2,36,1,0,28816
704863,0,0,6,0,0,22,0,199,0,1,0,1,0,0,0,0,0,0,0,1,0,0,0,1,1,0,0,0,0,0,0,0,1,0,29091
704865,0,0,6,0,0,42,0,-1,0,1,0,1,0,0,0,0,0,28753,0,1,0,0,0,1,0,0,0,0,4096,0,0,0,1,0,28752
704888,0,0,6,0,0,108,0,-4,1,1,0,1,0,0,0,0,0,0,0,1,0,0,0,1,14,0,0,0,240,0,0,0,1,0,28743
704895,0,0,6,0,0,108,0,11,0,1,0,1,0,0,0,0,0,0,0,1,0,0,0,1,22,0,0,0,2,0,0,0,1,0,28829
704896,0,0,6,0,0,108,0,-13,0,1,0,1,0,0,0,0,0,0,0,1,0,0,0,1,14,0,0,0,262144,0,0,0,1,0,28830
704905,0,0,6,0,0,109,0,99,0,1,0,1,0,0,0,0,0,28820,0,1,0,0,0,1,0,0,0,0,1024,0,0,0,1,0,28821
704915,0,0,6,0,0,109,0,99,0,1,0,1,0,0,0,0,0,28839,0,1,0,0,0,1,0,0,0,0,1,0,131072,0,1,0,28831
704917,0,0,6,0,0,42,0,99,0,1,0,1,0,0,0,0,0,28846,0,1,0,0,0,1,0,0,0,0,1,0,0,0,1,0,28845
704952,0,0,6,0,0,42,0,0,1,1,0,0,0,0,0,0,0,28772,0,1,0,0,0,1,0,0,0,0,0,0,0,0,1,0,28771
704979,0,0,6,0,0,22,0,199,0,1,0,1,0,0,0,0,0,0,0,1,0,0,0,1,1,0,0,0,0,0,0,0,1,0,29090
705042,0,0,6,0,0,107,0,-720001,0,1,0,1,0,0,0,0,0,0,0,1,0,0,0,1,11,0,0,0,32768,0,0,0,1,0,28774
705061,0,0,6,0,0,4,0,19,0,1,0,1,0,0,0,0,0,0,0,1,0,0,0,1,0,0,0,0,0,1,0,0,1,0,28775
705107,0,0,6,0,0,42,0,0,0,1,0,0,0,0,0,0,0,29646,0,1,0,0,0,1,0,0,0,0,0,0,0,0,1,0,29634
705130,0,0,6,0,0,107,0,3999,0,1,0,1,0,0,0,0,0,0,0,1,0,0,0,1,1,0,0,0,32,0,0,0,1,0,28755
705153,0,0,6,0,0,107,0,-60001,0,1,0,1,0,0,0,0,0,0,0,1,0,0,0,1,11,0,0,0,67108864,0,0,0,1,0,28763
705154,0,0,6,0,0,4,0,0,1,1,0,0,0,0,0,0,0,0,0,1,0,0,0,1,0,0,0,0,0,0,0,0,1,0,28764
705162,0,0,6,0,0,109,0,-1,1,1,0,1,0,0,5,0,0,28815,0,1,0,0,0,1,0,0,0,0,131072,0,0,0,1,0,28814
705193,0,0,6,0,0,4,0,0,0,1,0,0,0,0,0,0,0,0,0,1,0,0,0,1,0,0,0,0,16,0,0,0,1,0,28809
705211,0,0,6,0,0,22,0,199,0,1,0,1,0,0,0,0,0,0,0,1,0,0,0,1,1,0,0,0,0,0,0,0,1,0,29096
705212,0,0,6,0,0,22,0,199,0,1,0,1,0,0,0,0,0,0,0,1,0,0,0,1,1,0,0,0,0,0,0,0,1,0,29097
705216,0,0,6,0,0,99,0,39,0,1,0,1,0,0,0,0,0,0,0,1,0,0,0,1,0,0,0,0,0,0,0,0,1,0,30771
705217,0,1,6,0,0,124,0,39,0,1,0,1,0,0,0,0,0,0,0,1,0,0,0,1,0,0,0,0,0,0,0,0,1,0,30771
705221,0,0,6,0,0,108,0,-13,0,1,0,1,0,0,0,0,0,0,0,1,0,0,0,1,14,0,0,0,537399320,0,0,0,1,0,28818
705224,0,0,6,0,0,108,0,-13,0,1,0,1,0,0,0,0,0,0,0,1,0,0,0,1,14,0,0,0,64,0,0,0,1,0,28807
705225,0,0,6,0,0,108,0,-11,0,1,0,1,0,0,0,0,0,0,0,1,0,0,0,1,2,0,0,0,151264832,0,0,0,1,0,28808
705233,0,0,6,0,0,22,0,199,0,1,0,1,0,0,0,0,0,0,0,1,0,0,0,1,1,0,0,0,0,0,0,0,1,0,29092
705234,0,0,6,0,0,22,0,199,0,1,0,1,0,0,0,0,0,0,0,1,0,0,0,1,1,0,0,0,0,0,0,0,1,0,29093
705235,0,0,6,0,0,22,0,199,0,1,0,1,0,0,0,0,0,0,0,1,0,0,0,1,1,0,0,0,0,0,0,0,1,0,29094
705269,0,0,6,0,0,109,0,99,0,1,0,1,0,0,0,0,0,28788,0,1,0,0,0,1,0,0,0,0,4096,0,0,0,1,0,28787
705304,0,0,6,0,0,108,0,-9,0,1,0,1,0,0,0,0,0,0,0,1,0,0,0,1,2,0,0,0,570556422,2097159,2,36,1,0,28811
705305,0,0,6,0,0,42,0,99,0,1,0,1,0,0,0,0,0,28813,0,1,0,0,0,1,0,0,0,0,570556422,2097153,2,36,1,0,28812
705311,0,0,6,0,0,107,0,4,0,1,0,1,0,0,0,0,0,0,0,1,0,0,0,1,16,0,0,0,17472,1,0,0,1,0,28842
705312,0,0,6,0,0,107,0,4,0,1,0,1,0,0,0,0,0,0,0,1,0,0,0,1,16,0,0,0,557056,0,0,0,1,0,28843
705313,0,0,6,0,0,107,0,74,0,1,0,1,0,0,0,0,0,0,0,1,0,0,0,1,0,0,0,0,1024,0,0,0,1,0,28844
705325,0,0,6,0,0,99,0,39,0,1,0,1,0,0,0,0,0,0,0,1,0,0,0,1,0,0,0,0,0,0,0,0,1,0,30772
705326,0,1,6,0,0,124,0,39,0,1,0,1,0,0,0,0,0,0,0,1,0,0,0,1,0,0,0,0,0,0,0,0,1,0,30772
705327,0,0,6,0,0,99,0,39,0,1,0,1,0,0,0,0,0,0,0,1,0,0,0,1,0,0,0,0,0,0,0,0,1,0,30775
705328,0,1,6,0,0,124,0,39,0,1,0,1,0,0,0,0,0,0,0,1,0,0,0,1,0,0,0,0,0,0,0,0,1,0,30775
705331,0,0,6,0,0,13,0,22,0,1,0,1,0,0,0,0,0,0,0,1,0,0,0,1,126,0,0,0,0,0,0,0,1,0,30777
705332,0,1,6,0,0,135,0,22,1,1,0,1,0,0,0,0,0,0,0,1,0,0,0,1,126,0,0,0,0,0,0,0,1,0,30777
705348,0,0,6,0,0,108,0,24,0,1,0,1,0,0,0,0,0,0,0,1,0,0,0,1,8,0,0,0,16384,0,0,0,1,0,29171
705350,0,0,6,0,0,107,0,-21,0,1,0,1,0,0,0,0,0,0,0,1,0,0,0,1,14,0,0,0,135168,0,0,0,1,0,28751
705355,0,0,6,0,0,99,0,39,0,1,0,1,0,0,0,0,0,0,0,1,0,0,0,1,0,0,0,0,0,0,0,0,1,0,30770
705356,0,1,6,0,0,124,0,39,0,1,0,1,0,0,0,0,0,0,0,1,0,0,0,1,0,0,0,0,0,0,0,0,1,0,30770
705364,0,0,6,0,0,13,0,22,0,1,0,1,0,0,0,0,0,0,0,1,0,0,0,1,126,0,0,0,0,0,0,0,1,0,30780
705365,0,1,6,0,0,135,0,22,1,1,0,1,0,0,0,0,0,0,0,1,0,0,0,1,126,0,0,0,0,0,0,0,1,0,30780
705384,0,0,6,0,0,42,0,-1,0,1,0,1,0,0,0,0,0,28762,0,1,0,0,0,1,0,0,0,0,4096,0,0,0,1,0,28761
705407,0,0,6,0,0,13,0,22,0,1,0,1,0,0,0,0,0,0,0,1,0,0,0,1,126,0,0,0,0,0,0,0,1,0,30778
705408,0,1,6,0,0,135,0,22,1,1,0,1,0,0,0,0,0,0,0,1,0,0,0,1,126,0,0,0,0,0,0,0,1,0,30778
705409,0,0,6,0,0,13,0,22,0,1,0,1,0,0,0,0,0,0,0,1,0,0,0,1,126,0,0,0,0,0,0,0,1,0,30779
705410,0,1,6,0,0,135,0,22,1,1,0,1,0,0,0,0,0,0,0,1,0,0,0,1,126,0,0,0,0,0,0,0,1,0,30779
705424,0,0,6,0,0,4,0,-1,0,1,0,1,0,0,0,0,0,0,0,1,0,0,0,1,0,0,0,0,4096,0,0,0,1,0,28789
705490,0,0,6,0,0,42,0,99,0,1,0,1,0,0,0,0,0,28804,0,1,0,0,0,1,0,0,0,0,32768,0,0,0,1,0,28802
705558,0,0,6,0,0,4,0,-1,0,1,0,1,0,0,0,0,0,0,0,1,0,0,0,1,0,0,0,0,4096,0,0,0,1,0,28823
705595,0,0,6,0,0,22,0,199,0,1,0,1,0,0,0,0,0,0,0,1,0,0,0,1,1,0,0,0,0,0,0,0,1,0,29095
705759,0,0,6,0,0,168,0,1,0,1,0,1,0,0,0,0,0,0,0,1,0,0,0,1,32,0,0,0,0,0,0,0,1,0,29068
871981,0,1,6,0,0,124,0,-31,0,1,0,1,0,0,0,0,0,0,0,1,0,0,0,1,0,0,0,0,0,0,0,0,6,0,13490
1041224,0,0,6,0,0,332,0,398196,0,1,0,0,0,0,0,0,0,0,0,1,0,0,0,1,399954,0,0,0,0,0,0,0,1,0,398197
1055899,0,0,2,0,0,0,0,34,0,1,0,31,0,0,0,0,0,0,0,1,0,0,0,1,0,0,13,0,0,0,0,0,24,0,406746
1090826,0,0,6,0,0,13,0,5,1,1,0,0,0,0,0,0,0,0,0,1,0,0,0,1,1,0,10,0,0,0,0,0,20,0,418510
1090827,0,1,6,0,0,13,0,10,0,1,0,0,0,0,0,0,0,0,0,1,0,0,0,1,126,0,10,0,0,0,0,0,20,0,418510
1091051,0,2,6,0,0,135,0,16,0,1,0,0,0,0,0,0,0,0,0,1,0,0,0,1,127,0,10,0,0,0,0,0,20,0,418510
1098657,0,0,6,0,0,3,3000,20,0,1,0,0,0,0,0,0,0,0,0,1,0,0,0,1,0,0,0,0,0,0,0,0,6,0,422996
1098658,0,1,6,0,0,22,0,-150,0,1,0,0,0,0,0,0,0,0,0,1,0,0,0,1,1,0,0,0,0,0,0,0,6,0,422996
1098661,0,2,2,0,0,0,0,20,0,1,0,0,0,0,0,0,0,0,0,1,0,0,0,1,0,0,0,0,0,0,0,0,6,0,422996
1098666,0,0,6,0,0,99,0,59,0,1,0,0,0,0,0,0,0,0,0,1,0,0,0,1,0,0,0,0,0,0,0,0,1,0,423002
1098667,0,0,2,0,0,0,0,15,0,1,0,0,0,0,0,0,0,0,0,1,0,0,0,1,0,0,0,0,0,0,0,0,6,0,423003
1098668,0,0,2,0,0,0,0,15,0,1,0,0,0,0,0,0,0,0,0,1,0,0,0,1,0,0,0,0,0,0,0,0,6,0,423004
1099212,0,0,6,0,0,58,0,10,0,1,0,0,0,0,0,0,0,0,0,1,0,0,0,1,0,0,0,0,0,0,0,0,1,0,423298
1099213,0,0,6,0,0,59,0,4,0,1,0,0,0,0,0,0,0,0,0,1,0,0,0,1,1,0,0,0,0,0,0,0,1,0,423299
1099215,0,0,28,1000,0,0,0,1,0,1,0,1,0,0,0,0,0,0,0,1,0,0,0,1,210750,41,0,0,0,0,0,0,32,0,423300
1099216,0,1,6,0,0,22,0,5,0,1,0,0,0,0,0,0,0,0,0,1,0,0,0,1,32,0,0,0,0,0,0,0,1,0,423300
1099222,0,0,9,1,0,0,0,10,0,1,0,0,0,0,0,0,0,0,0,1,0,0,0,1,0,0,0,0,0,0,0,0,6,0,423304
1099486,0,0,6,0,0,107,0,2,1,1,0,0,0,0,0,0,0,0,0,1,0,0,0,1,0,0,0,0,4096,0,0,0,1,0,423474
1099493,0,0,6,0,0,17,0,5,0,1,0,0,0,0,0,0,0,0,0,1,0,0,0,1,0,0,0,0,0,0,0,0,1,0,423481
1099499,0,0,6,0,0,107,0,1,1,1,0,0,0,0,0,0,0,0,0,1,0,0,0,1,8,0,0,0,33554432,0,0,0,1,0,423484
1106325,0,0,6,0,0,42,0,0,0,1,0,0,0,0,0,0,0,427143,0,1,0,0,0,1,0,0,0,0,0,0,0,0,1,0,427144
1109356,0,0,6,0,0,10,0,50,1,1,0,0,0,0,0,0,0,0,0,1,0,0,0,1,0,0,0,0,0,0,0,0,1,0,428490
1109357,0,0,6,0,0,14,0,-5,1,1,0,0,0,0,0,0,0,0,0,1,0,0,0,1,0,0,0,0,0,0,0,0,1,0,428491
1113467,0,0,6,0,0,4,0,0,1,1,0,1,0,0,0,0,0,0,0,1,0,0,0,1,0,0,0,0,0,0,0,0,1,0,429339
1114423,0,0,6,0,0,54,0,1,0,1,0,0,0,0,0,0,0,0,0,1,0,0,0,1,0,0,0,0,0,0,0,0,1,0,429863
1114424,0,0,6,0,0,29,0,12,0,1,0,0,0,0,0,0,0,0,0,1,0,0,0,1,0,0,0,0,0,0,0,0,1,0,429864
1114425,0,0,6,0,0,29,0,12,0,1,0,0,0,0,0,0,0,0,0,1,0,0,0,1,0,0,0,0,0,0,0,0,1,0,429865
1114435,0,0,6,0,0,138,0,10,0,1,0,0,0,0,0,0,0,0,0,1,0,0,0,1,0,0,0,0,0,0,0,0,1,0,429867
1114436,0,1,6,0,0,140,0,10,0,1,0,0,0,0,0,0,0,0,0,1,0,0,0,1,0,0,0,0,0,0,0,0,1,0,429867
1114437,0,2,6,0,0,10,0,20,0,1,0,0,0,0,0,0,0,0,0,1,0,0,0,1,127,0,0,0,0,0,0,0,1,0,429867
1114438,0,0,6,0,0,79,0,10,0,1,0,0,0,0,0,0,0,0,0,1,0,0,0,1,126,0,0,0,0,0,0,0,1,0,429868
1114439,0,1,6,0,0,10,0,20,0,1,0,0,0,0,0,0,0,0,0,1,0,0,0,1,127,0,0,0,0,0,0,0,1,0,429868
1115415,0,0,6,0,0,87,0,-5,0,1,0,0,0,0,0,0,0,0,0,1,0,0,0,1,127,0,0,0,0,0,0,0,1,0,430432
1115416,0,1,6,0,0,197,0,-5,0,1,0,0,0,0,0,0,0,0,0,1,0,0,0,1,0,0,0,0,0,0,0,0,1,0,430432
1121498,0,0,6,0,0,54,0,0,0,1,0,1,0,0,0,0,0,0,0,1,0,0,0,1,0,0,0,0,0,0,0,0,1,0,432639
1121499,0,1,6,0,0,55,0,0,0,1,0,1,0,0,0,0,0,0,0,1,0,0,0,1,0,0,0,0,0,0,0,0,1,0,432639
1124506,0,0,6,0,0,9,0,4,0,1,0,0,0,0,0,0,0,0,0,1,0,0,0,1,0,0,0,0,0,0,0,0,0,0,434488
1124507,0,1,6,0,0,42,0,0,0,1,0,0,0,0,0,0,0,436445,0,1,0,0,0,1,0,0,0,0,0,0,0,0,1,0,434488
1125052,0,0,6,0,0,22,0,-160,0,1,0,0,0,0,0,0,0,0,0,1,0,0,0,1,1,0,0,0,0,0,0,0,6,0,434837
1125054,0,0,2,0,0,0,0,24,0.05,1,0,11,0,0,0,0,0,0,0,1,0,0,0,1,0,0,0,0,0,0,0,0,6,0,434839
1125056,0,0,6,0,0,22,0,-45,0,1,0,0,0,0,0,0,0,0,0,1,0,0,0,1,20,0,0,0,0,0,0,0,6,0,434841
1125057,0,0,2,0,0,0,0,79,0.1,1,0,21,0,0,0,0,0,0,0,1,0,0,0,1,0,0,0,0,0,0,0,0,6,0,434842
1125058,0,1,6,0,0,87,0,6,0,1,0,0,0,0,0,0,0,0,0,1,0,0,0,1,20,0,0,0,0,0,0,0,6,0,434841
1125596,0,0,6,0,0,24,1000,0,0,1,0,150,0,0,0,0,0,0,0,1,0,0,0,1,0,0,0,0,0,0,0,0,1,0,435167
1125597,0,1,6,0,0,3,1000,0,0,1,0,150,0,0,0,0,0,0,0,1,0,0,0,1,0,0,0,0,0,0,0,0,1,0,435167
1125600,0,0,6,0,0,3,5000,30,0,1,0,0,0,0,0,0,0,0,0,1,0,0,0,1,0,0,0,14,0,0,0,0,22,15,435169
1125922,0,0,6,0,0,22,0,1000,0,1,0,0,0,0,0,0,0,0,0,1,0,0,0,1,1,0,0,0,0,0,0,0,1,0,435359
1125923,0,1,6,0,0,33,0,-60,0,1,0,0,0,0,0,0,0,0,0,1,0,0,0,1,0,0,0,0,0,0,0,0,1,0,435359
1125924,0,0,6,0,0,102,0,29,0,1,0,1,0,0,0,0,0,0,0,1,0,0,0,1,256,0,0,0,0,0,0,0,1,0,435360
1125925,0,1,6,0,0,131,0,29,1,1,0,1,0,0,0,0,0,0,0,1,0,0,0,1,256,0,0,0,0,0,0,0,1,0,435360
1126201,0,0,6,0,0,99,0,69,0,1,0,0,0,0,0,0,0,0,0,1,0,0,0,1,0,0,0,0,0,0,0,0,1,0,435531
1126202,0,0,18,0,0,0,0,14,0,1,0,1,0,0,0,0,0,0,0,1,0,0,0,1,0,0,0,0,0,0,0,0,0,0,435532
1126831,0,0,6,0,0,4,0,0,0,1,0,0,0,0,0,0,0,0,0,1,0,0,0,1,0,0,0,0,0,0,0,0,1,0,435869
1126875,0,0,6,0,0,77,0,0,0,1,0,0,0,0,0,0,0,0,0,1,0,0,0,1,7,0,0,0,0,0,0,0,21,0,435895
1126876,0,1,6,0,0,77,0,0,0,1,0,0,0,0,0,0,0,0,0,1,0,0,0,1,11,0,0,0,0,0,0,0,21,0,435895
1126877,0,2,64,0,0,0,0,0,0,1,0,0,0,0,0,0,0,435893,0,1,0,0,0,1,0,0,0,0,0,0,0,0,21,0,435895
1126887,0,0,3,0,0,0,0,0,0,1,0,0,0,0,0,0,0,0,0,1,0,0,0,1,0,0,0,0,0,0,0,0,1,0,435900
1126888,0,2,6,0,0,22,0,-45,0,1,0,0,0,0,0,0,0,0,0,1,0,0,0,1,96,0,0,0,0,0,0,0,6,0,434841
1127009,0,0,6,0,0,29,0,-5,0,1,0,0,0,0,0,0,0,0,0,1,0,0,0,1,2,0,0,0,0,0,0,0,1,0,435974
1127010,0,0,6,0,0,13,0,10,0,1,0,1,0,0,0,0,0,0,0,1,0,0,0,1,126,0,0,0,0,0,0,0,1,0,435975
1127011,0,1,6,0,0,135,0,10,1,1,0,1,0,0,0,0,0,0,0,1,0,0,0,1,126,0,0,0,0,0,0,0,1,0,435975
1127012,0,0,6,0,0,99,0,20,0,1,0,0,0,0,0,0,0,0,0,1,0,0,0,1,0,0,0,0,0,0,0,0,1,0,435976
1127013,0,0,6,0,0,42,0,0,0,1,0,1,0,0,0,0,0,435978,0,1,0,0,0,1,0,0,0,0,0,0,0,0,1,0,435977
1127019,0,0,6,0,0,42,0,0,0,1,0,1,0,0,0,0,0,435981,0,1,0,0,0,1,0,0,0,0,0,0,0,0,1,0,435982
1127020,0,0,6,0,0,107,0,-200,0,1,0,0,0,0,0,0,0,0,0,1,0,0,0,1,10,0,0,0,1,0,0,0,1,0,435983
1127023,0,0,6,0,0,56,0,0,1,1,0,0,0,0,0,0,0,0,0,1,0,0,0,1,217942,0,0,0,0,0,0,0,1,0,435986
1127171,0,0,28,0,0,0,0,800,1,1,0,0,0,0,0,0,0,0,0,1,0,0,0,1,217945,5100,0,0,0,0,0,0,18,0,436069
1127195,0,3,6,0,0,87,0,6,0,1,0,0,0,0,0,0,0,0,0,1,0,0,0,1,96,0,0,0,0,0,0,0,6,0,434841
1127196,0,4,6,0,0,22,0,-45,0,1,0,0,0,0,0,0,0,0,0,1,0,0,0,1,10,0,0,0,0,0,0,0,6,0,434841
1127197,0,5,6,0,0,87,0,6,0,1,0,0,0,0,0,0,0,0,0,1,0,0,0,1,10,0,0,0,0,0,0,0,6,0,434841
1127198,0,6,2,0,0,0,0,30,0.05,1,0,0,0,0,0,0,0,0,0,1,0,0,0,1,0,0,0,0,0,0,0,0,6,0,434841
1127434,0,0,6,0,0,52,0,0,0,1,0,1,0,0,0,0,0,0,0,1,0,0,0,1,0,0,0,0,0,0,0,0,1,0,436239
1127435,0,1,6,0,0,71,0,0,0,1,0,1,0,0,0,0,0,0,0,1,0,0,0,1,126,0,0,0,0,0,0,0,1,0,436239
1127504,0,0,6,0,0,107,0,1,1,1,0,1,0,0,0,0,0,0,0,1,0,0,0,1,7,0,0,0,2097152,65536,0,0,1,0,436284
1127579,0,0,3,0,0,0,0,0,1,1,0,0,0,0,0,0,0,0,0,1,0,0,0,1,0,0,0,0,0,0,0,0,1,0,436326
1127592,0,0,6,0,0,3,2000,5,0,1,0,0,0,0,0,0,0,0,0,1,0,0,0,1,0,0,0,14,0,0,0,0,18,16,436332
1127605,0,0,10,1,0,0,0,300,0,1,0,0,0,0,0,0,0,0,0,1,0,0,0,1,0,0,0,0,0,0,0,0,21,0,436342
1127606,0,1,64,0,0,0,0,1,0,1,0,0,0,0,0,0,0,436343,0,1,0,0,0,1,2000,0,0,0,0,0,0,0,1,0,436342
1127612,0,0,6,0,0,4,0,0,0,1,0,0,0,0,0,0,0,0,0,1,0,0,0,1,0,0,0,0,0,0,0,0,1,0,436347
1127658,0,0,6,0,0,69,0,300,0,1,0,0,0,0,0,0,0,0,0,1,0,0,0,1,127,0,0,0,0,0,0,0,21,0,436373
1127659,0,1,64,0,0,0,0,1,0,1,0,0,0,0,0,0,0,436372,0,1,0,0,0,1,2000,0,0,0,0,0,0,0,1,0,436373
1127662,0,0,6,0,0,23,3000,0,1,1,0,0,0,0,0,0,0,436374,0,1,0,0,0,1,0,0,0,0,0,0,0,0,1,0,436375
1127666,0,0,6,0,0,23,3000,0,1,1,0,0,0,0,0,0,0,436378,0,1,0,0,0,1,0,0,0,0,0,0,0,0,1,0,436379
1127668,0,0,10,1,0,0,0,300,0,1,0,0,0,0,0,0,0,0,0,1,0,0,0,1,0,0,0,0,0,0,0,0,21,0,436381
1127669,0,1,64,0,0,0,0,1,0,1,0,0,0,0,0,0,0,436380,0,1,0,0,0,1,2000,0,0,0,0,0,0,0,1,0,436381
1127671,0,0,10,1,0,0,0,300,0,1,0,0,0,0,0,0,0,0,0,1,0,0,0,1,0,0,0,0,0,0,0,0,21,0,436383
1127672,0,1,64,0,0,0,0,1,0,1,0,0,0,0,0,0,0,436382,0,1,0,0,0,1,2000,0,0,0,0,0,0,0,1,0,436383
1127728,0,0,6,0,0,4,0,0,0,1,0,0,0,0,0,0,0,0,0,1,0,0,0,1,0,0,0,0,0,0,0,0,1,0,436414
1127796,0,0,6,0,0,42,0,0,0,1,0,0,0,0,0,0,0,436471,0,1,0,0,0,1,0,0,0,0,0,0,0,0,1,0,436469
1127801,0,0,6,1,0,12,0,0,0,1,0,1,0,0,0,0,0,0,0,1,0,0,0,1,0,0,0,0,0,0,0,0,6,0,436473
1127805,0,0,2,0,0,0,0,140,0,1,0,0,0,0,0,0,0,0,0,1,0,0,0,1,0,0,0,14,0,0,0,0,18,16,436477
1127806,0,1,2,0,0,0,0,65,0,1,0,0,0,0,0,0,0,0,0,1,0,0,0,1,0,0,0,14,0,0,0,0,18,16,436332
1127807,0,0,6,0,0,4,0,0,0,1,0,0,0,0,0,0,0,0,0,1,0,0,0,1,0,0,0,0,0,0,0,0,1,0,436478
1127809,0,0,6,0,0,99,0,80,0,1,0,0,0,0,0,0,0,0,0,1,0,0,0,1,0,0,0,0,0,0,0,0,1,0,436480
1127811,0,0,6,0,0,42,0,-1,0,1,0,1,0,0,0,0,0,436481,0,1,0,0,0,1,0,0,0,0,0,0,0,0,1,0,436482
1128156,0,0,6,0,0,23,3000,0,1,1,0,0,0,0,0,0,0,436689,0,1,0,0,0,1,0,0,0,0,0,0,0,0,1,0,436690
1129262,0,0,6,0,0,39,0,0,0,1,0,0,0,0,0,0,0,0,0,1,0,0,0,1,8,0,0,0,0,0,0,0,1,0,437340
1129263,0,1,38,0,0,0,0,10,0,1,0,0,0,0,0,0,0,0,0,1,0,0,0,1,4,0,0,0,0,0,0,0,1,0,437340
1129274,0,0,6,0,0,138,0,20,0,1,0,0,0,0,0,0,0,0,0,1,0,0,0,1,0,0,0,0,0,0,0,0,1,0,437349
1129275,0,1,6,0,0,140,0,20,0,1,0,0,0,0,0,0,0,0,0,1,0,0,0,1,0,0,0,0,0,0,0,0,1,0,437349
1129276,0,2,2,0,0,0,0,342,0,1,0,415,0,0,0,0,0,0,0,1,0,0,0,1,0,0,0,0,0,0,0,0,1,0,437349
1129286,0,0,6,0,0,134,0,100,0,1,0,0,0,0,0,0,0,0,0,1,0,0,0,1,0,0,0,0,0,0,0,0,1,0,437357
1129291,0,0,6,0,0,65,0,20,0,1,0,0,0,0,0,0,0,0,0,1,0,0,0,1,0,0,0,0,0,0,0,0,1,0,437362
1129292,0,1,2,0,0,0,0,311,0,1,0,377,0,0,0,0,0,0,0,1,0,0,0,1,0,0,0,0,0,0,0,0,1,0,437362
1129305,0,0,6,0,0,43,0,4,0,1,0,6,0,0,0,0,0,0,0,1,0,0,0,1,0,0,0,0,0,0,0,0,1,0,437367
1129317,0,0,6,0,0,138,0,20,0,1,0,0,0,0,0,0,0,0,0,1,0,0,0,1,0,0,0,0,0,0,0,0,1,0,437377
1129318,0,1,6,0,0,33,0,-20,0,1,0,0,0,0,0,0,0,0,0,1,0,0,0,1,0,0,0,0,0,0,0,0,1,0,437377
1129319,0,2,6,0,0,22,0,50,0,1,0,0,0,0,0,0,0,0,0,1,0,0,0,1,126,0,0,0,0,0,0,0,1,0,437377
1129324,0,0,6,0,0,149,0,1000,0,1,0,0,0,0,0,0,0,0,0,1,0,0,0,1,126,0,0,0,0,0,0,0,1,0,437382
1129964,0,1,6,0,0,77,0,0,0,1,0,0,0,0,0,0,0,0,0,1,0,0,0,1,9,0,0,0,0,0,0,0,1,0,437382
1130812,0,0,6,0,0,4,0,0,0,1,0,0,0,0,0,0,0,0,0,1,0,0,0,1,0,0,0,0,0,0,0,0,1,0,438295
1130826,0,0,28,0,0,0,0,0,0,1,0,0,0,0,0,0,0,0,0,1,0,0,0,1,218931,5837,7,0,0,0,0,0,73,0,438305
1131212,0,2,6,0,0,77,0,0,0,1,0,0,0,0,0,0,0,0,0,1,0,0,0,1,26,0,0,0,0,0,0,0,1,0,437382
1131220,0,2,6,0,0,23,500,0,0,1,0,0,0,0,0,0,0,438547,0,1,0,0,0,1,0,0,0,0,0,0,0,0,1,0,437362
1131221,0,3,6,0,0,23,500,0,0,1,0,0,0,0,0,0,0,438547,0,1,0,0,0,1,0,0,0,0,0,0,0,0,1,0,437349
1132194,0,1,6,0,0,13,0,50,0,1,0,0,0,0,0,0,0,0,0,1,0,0,0,1,126,0,0,0,0,0,0,0,1,0,437357
1132195,0,2,6,0,0,135,0,50,0,1,0,0,0,0,0,0,0,0,0,1,0,0,0,1,127,0,0,0,0,0,0,0,1,0,437357
1133066,0,0,6,0,0,30,0,3,0,1,0,0,0,0,0,0,0,0,0,1,0,0,0,1,162,0,0,0,0,0,0,0,1,0,439651
1133196,0,0,6,0,0,4,0,800,0,1,0,0,0,0,0,0,0,0,0,1,0,0,0,1,0,0,0,0,0,0,0,0,1,0,439731
1135185,0,0,6,0,0,13,0,3,0,1,0,0,0,0,0,0,0,0,0,1,0,0,0,1,1,0,0,0,0,0,0,0,1,0,440981
